url,team,ranking,opp,opp_ranking,datetime,stadium,referee,attendance,competition,possession,opp_possession,venue_href,expected_goals_(xg),total_shots,shots_on_target,big_chances,big_chances_missed,accurate_passes,accurate_passes_pc,fouls_committed,corners,shots_off_target,blocked_shots,hit_woodwork,shots_inside_box,shots_outside_box,xg_open_play,xg_set_play,non-penalty_xg,xg_on_target_(xgot),passes,own_half,opposition_half,accurate_long_balls,accurate_long_balls_pc,accurate_crosses,accurate_crosses_pc,throws,offsides,yellow_cards,red_cards,tackles_won,tackles_won_pc,interceptions,blocks,clearances,keeper_saves,duels_won,ground_duels_won,ground_duels_won_pc,aerial_duels_won,aerial_duels_won_pc,successful_dribbles,successful_dribbles_pc,conc_expected_goals_(xg),conc_total_shots,conc_shots_on_target,conc_big_chances,conc_big_chances_missed,conc_accurate_passes,conc_accurate_passes_pc,conc_fouls_committed,conc_corners,conc_shots_off_target,conc_blocked_shots,conc_hit_woodwork,conc_shots_inside_box,conc_shots_outside_box,conc_xg_open_play,conc_xg_set_play,conc_non-penalty_xg,conc_xg_on_target_(xgot),conc_passes,conc_own_half,conc_opposition_half,conc_accurate_long_balls,conc_accurate_long_balls_pc,conc_accurate_crosses,conc_accurate_crosses_pc,conc_throws,conc_offsides,conc_yellow_cards,conc_red_cards,conc_tackles_won,conc_tackles_won_pc,conc_interceptions,conc_blocks,conc_clearances,conc_keeper_saves,conc_duels_won,conc_ground_duels_won,conc_ground_duels_won_pc,conc_aerial_duels_won,conc_aerial_duels_won_pc,conc_successful_dribbles,conc_successful_dribbles_pc,game_id,touches_in_opposition_box,conc_touches_in_opposition_box
https://www.fotmob.com/en-GB/matches/burnley-vs-newcastle-united/2td61d3610303,Burnley,,Newcastle United,,2022-05-22T15:00:00.000Z,Turf Moor,Craig Pawson,"21,361",Premier League Round 38 2021/2022,51,49,"https://www.google.com/maps/?q=53.788984,-2.230225",1.62,12,5,2,1,239,69,8,8,4,3,0,9,3,1.34,0.28,1.62,0.86,344,92,147,23,38,7,30,35,5,1,0,7,64,4,0,13,4,47,28,47,19,50,8,38,1.81,8,6,3,1,241,71,9,2,2,0,0,5,3,1.02,0.00,1.02,2.64,338,122,119,20,30,1,11,22,0,0,0,12,55,8,4,27,3,51,32,53,19,50,3,75,100000,,
https://www.fotmob.com/en-GB/matches/burnley-vs-newcastle-united/2td61d3610303,Newcastle United,,Burnley,,2022-05-22T15:00:00.000Z,Turf Moor,Craig Pawson,"21,361",Premier League Round 38 2021/2022,49,51,"https://www.google.com/maps/?q=53.788984,-2.230225",1.81,8,6,3,1,241,71,9,2,2,0,0,5,3,1.02,0.00,1.02,2.64,338,122,119,20,30,1,11,22,0,0,0,12,55,8,4,27,3,51,32,53,19,50,3,75,1.62,12,5,2,1,239,69,8,8,4,3,0,9,3,1.34,0.28,1.62,0.86,344,92,147,23,38,7,30,35,5,1,0,7,64,4,0,13,4,47,28,47,19,50,8,38,100000,,
https://www.fotmob.com/en-GB/matches/wolverhampton-wanderers-vs-liverpool/2gm0as3610307,Liverpool,,Wolverhampton Wanderers,,2022-05-22T15:00:00.000Z,Anfield,Anthony Taylor,"53,097",Premier League Round 38 2021/2022,63,37,"https://www.google.com/maps/?q=53.430828,-2.960853",3.17,29,8,4,1,593,89,6,5,7,14,0,22,7,2.68,0.49,3.17,2.76,669,264,329,25,58,8,33,25,3,1,0,13,62,6,0,7,4,42,35,53,7,64,12,67,1.26,7,5,4,3,323,81,3,3,2,0,0,6,1,1.26,0.00,1.26,1.52,400,215,108,42,51,1,11,15,1,0,0,6,33,15,14,31,4,35,31,47,4,36,8,42,100001,,
https://www.fotmob.com/en-GB/matches/wolverhampton-wanderers-vs-liverpool/2gm0as3610307,Wolverhampton Wanderers,,Liverpool,,2022-05-22T15:00:00.000Z,Anfield,Anthony Taylor,"53,097",Premier League Round 38 2021/2022,37,63,"https://www.google.com/maps/?q=53.430828,-2.960853",1.26,7,5,4,3,323,81,3,3,2,0,0,6,1,1.26,0.00,1.26,1.52,400,215,108,42,51,1,11,15,1,0,0,6,33,15,14,31,4,35,31,47,4,36,8,42,3.17,29,8,4,1,593,89,6,5,7,14,0,22,7,2.68,0.49,3.17,2.76,669,264,329,25,58,8,33,25,3,1,0,13,62,6,0,7,4,42,35,53,7,64,12,67,100001,,
https://www.fotmob.com/en-GB/matches/crystal-palace-vs-aston-villa/3c0md73610299,Aston Villa,,Crystal Palace,,2022-05-15T13:00:00.000Z,Villa Park,Chris Kavanagh,"41,136",Premier League Round 37 2021/2022,48,52,"https://www.google.com/maps/?q=52.509091,-1.884842",0.99,13,4,0,0,382,82,11,1,5,4,0,8,5,0.86,0.13,0.99,0.83,464,186,196,18,43,4,36,22,1,1,0,12,60,12,6,18,3,48,38,55,10,36,4,57,1.42,16,4,1,0,409,84,15,5,6,6,0,10,6,0.26,1.16,1.42,1.49,486,263,146,27,54,8,38,22,0,3,0,4,33,13,4,13,3,49,31,45,18,64,10,50,100002,,
https://www.fotmob.com/en-GB/matches/crystal-palace-vs-aston-villa/3c0md73610299,Crystal Palace,,Aston Villa,,2022-05-15T13:00:00.000Z,Villa Park,Chris Kavanagh,"41,136",Premier League Round 37 2021/2022,52,48,"https://www.google.com/maps/?q=52.509091,-1.884842",1.42,16,4,1,0,409,84,15,5,6,6,0,10,6,0.26,1.16,1.42,1.49,486,263,146,27,54,8,38,22,0,3,0,4,33,13,4,13,3,49,31,45,18,64,10,50,0.99,13,4,0,0,382,82,11,1,5,4,0,8,5,0.86,0.13,0.99,0.83,464,186,196,18,43,4,36,22,1,1,0,12,60,12,6,18,3,48,38,55,10,36,4,57,100002,,
https://www.fotmob.com/en-GB/matches/wolverhampton-wanderers-vs-norwich-city/2td7bg3610290,Wolverhampton Wanderers,,Norwich City,,2022-05-15T13:00:00.000Z,Molineux Stadium,Tony Harrington,"31,219",Premier League Round 37 2021/2022,64,36,"https://www.google.com/maps/?q=52.590238,-2.130433",0.89,17,4,1,1,546,89,5,5,7,6,0,8,9,0.70,0.19,0.89,1.19,613,223,323,19,54,12,44,19,0,0,0,6,75,8,1,10,1,51,37,48,14,58,19,66,1.05,11,2,3,3,268,77,10,3,8,1,0,9,2,0.66,0.39,1.05,0.86,350,192,76,17,29,3,43,18,0,3,0,14,58,9,5,23,3,50,40,52,10,42,11,73,100003,,
https://www.fotmob.com/en-GB/matches/wolverhampton-wanderers-vs-norwich-city/2td7bg3610290,Norwich City,,Wolverhampton Wanderers,,2022-05-15T13:00:00.000Z,Molineux Stadium,Tony Harrington,"31,219",Premier League Round 37 2021/2022,36,64,"https://www.google.com/maps/?q=52.590238,-2.130433",1.05,11,2,3,3,268,77,10,3,8,1,0,9,2,0.66,0.39,1.05,0.86,350,192,76,17,29,3,43,18,0,3,0,14,58,9,5,23,3,50,40,52,10,42,11,73,0.89,17,4,1,1,546,89,5,5,7,6,0,8,9,0.70,0.19,0.89,1.19,613,223,323,19,54,12,44,19,0,0,0,6,75,8,1,10,1,51,37,48,14,58,19,66,100003,,
https://www.fotmob.com/en-GB/matches/everton-vs-crystal-palace/2tttz73610258,Everton,,Crystal Palace,,2022-05-19T18:45:00.000Z,Goodison Park,Anthony Taylor,"38,448",Premier League Round 33 2021/2022,43,57,"https://www.google.com/maps/?q=53.438822,-2.966298",0.77,12,6,1,0,244,70,9,4,4,2,1,7,5,0.45,0.32,0.77,1.89,347,77,167,35,52,5,20,22,0,2,0,13,52,7,0,20,3,74,41,55,33,59,6,35,1.12,7,5,2,0,361,77,12,5,2,0,0,6,1,0.70,0.42,1.12,1.10,467,211,150,29,40,2,11,24,3,3,0,13,65,4,2,36,3,57,34,45,23,41,5,45,100004,,
https://www.fotmob.com/en-GB/matches/everton-vs-crystal-palace/2tttz73610258,Crystal Palace,,Everton,,2022-05-19T18:45:00.000Z,Goodison Park,Anthony Taylor,"38,448",Premier League Round 33 2021/2022,57,43,"https://www.google.com/maps/?q=53.438822,-2.966298",1.12,7,5,2,0,361,77,12,5,2,0,0,6,1,0.70,0.42,1.12,1.10,467,211,150,29,40,2,11,24,3,3,0,13,65,4,2,36,3,57,34,45,23,41,5,45,0.77,12,6,1,0,244,70,9,4,4,2,1,7,5,0.45,0.32,0.77,1.89,347,77,167,35,52,5,20,22,0,2,0,13,52,7,0,20,3,74,41,55,33,59,6,35,100004,,
https://www.fotmob.com/en-GB/matches/leicester-city-vs-everton/2coib13610283,Leicester City,,Everton,,2022-05-08T13:00:00.000Z,King Power Stadium,Craig Pawson,"32,001",Premier League Round 36 2021/2022,66,34,"https://www.google.com/maps/?q=52.620377,-1.14231",1.51,16,9,3,2,545,86,11,6,6,1,0,9,7,1.29,0.22,1.51,1.24,631,225,320,16,48,4,17,29,2,3,0,9,56,5,3,7,2,47,28,44,19,61,6,75,1.12,10,4,2,1,239,72,6,1,3,3,1,8,2,0.70,0.42,1.12,0.99,332,98,141,26,37,2,40,15,0,0,0,9,69,8,1,23,7,47,35,56,12,39,11,61,100005,,
https://www.fotmob.com/en-GB/matches/leicester-city-vs-everton/2coib13610283,Everton,,Leicester City,,2022-05-08T13:00:00.000Z,King Power Stadium,Craig Pawson,"32,001",Premier League Round 36 2021/2022,34,66,"https://www.google.com/maps/?q=52.620377,-1.14231",1.12,10,4,2,1,239,72,6,1,3,3,1,8,2,0.70,0.42,1.12,0.99,332,98,141,26,37,2,40,15,0,0,0,9,69,8,1,23,7,47,35,56,12,39,11,61,1.51,16,9,3,2,545,86,11,6,6,1,0,9,7,1.29,0.22,1.51,1.24,631,225,320,16,48,4,17,29,2,3,0,9,56,5,3,7,2,47,28,44,19,61,6,75,100005,,
https://www.fotmob.com/en-GB/matches/chelsea-vs-leeds-united/2d7oy43610257,Leeds United,,Chelsea,,2022-05-11T18:30:00.000Z,Elland Road,Anthony Taylor,"36,549",Premier League Round 33 2021/2022,32,68,"https://www.google.com/maps/?q=53.777834,-1.572279",0.42,5,0,1,1,298,79,10,1,4,1,0,2,3,0.36,0.06,0.42,0.00,379,219,79,19,36,3,38,17,0,1,1,10,63,10,3,18,0,43,33,45,10,45,4,40,1.35,17,4,0,0,742,91,14,4,10,3,0,12,5,1.27,0.08,1.35,0.99,817,359,383,29,60,3,19,11,3,0,0,9,53,8,1,11,0,53,41,55,12,55,15,68,100006,,
https://www.fotmob.com/en-GB/matches/chelsea-vs-leeds-united/2d7oy43610257,Chelsea,,Leeds United,,2022-05-11T18:30:00.000Z,Elland Road,Anthony Taylor,"36,549",Premier League Round 33 2021/2022,68,32,"https://www.google.com/maps/?q=53.777834,-1.572279",1.35,17,4,0,0,742,91,14,4,10,3,0,12,5,1.27,0.08,1.35,0.99,817,359,383,29,60,3,19,11,3,0,0,9,53,8,1,11,0,53,41,55,12,55,15,68,0.42,5,0,1,1,298,79,10,1,4,1,0,2,3,0.36,0.06,0.42,0.00,379,219,79,19,36,3,38,17,0,1,1,10,63,10,3,18,0,43,33,45,10,45,4,40,100006,,
https://www.fotmob.com/en-GB/matches/tottenham-hotspur-vs-arsenal/2sx06r3610147,Tottenham Hotspur,,Arsenal,,2022-05-12T18:45:00.000Z,Tottenham Hotspur Stadium,Paul Tierney,"62,027",Premier League Round 22 2021/2022,58,42,"https://www.google.com/maps/?q=51.603249,-0.065773",2.84,16,6,5,3,502,89,8,2,5,5,0,14,2,1.27,0.78,2.05,2.54,561,230,272,12,35,3,27,9,1,1,0,6,38,13,2,11,5,45,36,62,9,50,5,83,0.49,9,5,0,0,351,85,15,2,2,2,0,3,6,0.47,0.02,0.49,0.26,412,177,174,11,31,1,8,16,0,3,1,2,33,9,4,11,3,31,22,38,9,50,8,40,100007,,
https://www.fotmob.com/en-GB/matches/tottenham-hotspur-vs-arsenal/2sx06r3610147,Arsenal,,Tottenham Hotspur,,2022-05-12T18:45:00.000Z,Tottenham Hotspur Stadium,Paul Tierney,"62,027",Premier League Round 22 2021/2022,42,58,"https://www.google.com/maps/?q=51.603249,-0.065773",0.49,9,5,0,0,351,85,15,2,2,2,0,3,6,0.47,0.02,0.49,0.26,412,177,174,11,31,1,8,16,0,3,1,2,33,9,4,11,3,31,22,38,9,50,8,40,2.84,16,6,5,3,502,89,8,2,5,5,0,14,2,1.27,0.78,2.05,2.54,561,230,272,12,35,3,27,9,1,1,0,6,38,13,2,11,5,45,36,62,9,50,5,83,100007,,
https://www.fotmob.com/en-GB/matches/brentford-vs-manchester-united/3dfzjk3610276,Manchester United,,Brentford,,2022-05-02T19:00:00.000Z,Old Trafford,Chris Kavanagh,"73,482",Premier League Round 35 2021/2022,64,36,"https://www.google.com/maps/?q=53.463094,-2.291374",2.02,9,5,2,0,651,91,4,3,3,1,0,6,3,1.08,0.15,1.23,1.75,714,336,315,23,52,1,14,10,3,1,0,8,73,11,3,35,4,36,21,53,15,60,4,50,0.64,12,4,1,1,309,82,6,8,5,3,0,7,5,0.45,0.19,0.64,0.34,376,180,129,21,51,5,17,17,2,0,0,5,56,6,1,5,3,29,19,48,10,40,6,50,100008,,
https://www.fotmob.com/en-GB/matches/brentford-vs-manchester-united/3dfzjk3610276,Brentford,,Manchester United,,2022-05-02T19:00:00.000Z,Old Trafford,Chris Kavanagh,"73,482",Premier League Round 35 2021/2022,36,64,"https://www.google.com/maps/?q=53.463094,-2.291374",0.64,12,4,1,1,309,82,6,8,5,3,0,7,5,0.45,0.19,0.64,0.34,376,180,129,21,51,5,17,17,2,0,0,5,56,6,1,5,3,29,19,48,10,40,6,50,2.02,9,5,2,0,651,91,4,3,3,1,0,6,3,1.08,0.15,1.23,1.75,714,336,315,23,52,1,14,10,3,1,0,8,73,11,3,35,4,36,21,53,15,60,4,50,100008,,
https://www.fotmob.com/en-GB/matches/watford-vs-crystal-palace/36vg243610284,Crystal Palace,,Watford,,2022-05-07T14:00:00.000Z,Selhurst Park,Graham Scott,"24,622",Premier League Round 36 2021/2022,68,32,"https://www.google.com/maps/?q=51.398279,-0.085503",2.23,15,7,3,2,454,85,11,8,4,4,1,12,3,1.22,0.23,1.44,1.53,533,265,189,40,58,6,25,25,2,2,0,4,36,3,3,10,1,53,39,55,14,45,12,60,0.45,6,1,0,0,173,70,18,5,2,3,0,3,3,0.07,0.37,0.45,0.46,248,101,72,23,38,3,19,16,0,1,1,10,63,11,4,21,6,49,32,45,17,55,5,56,100009,,
https://www.fotmob.com/en-GB/matches/watford-vs-crystal-palace/36vg243610284,Watford,,Crystal Palace,,2022-05-07T14:00:00.000Z,Selhurst Park,Graham Scott,"24,622",Premier League Round 36 2021/2022,32,68,"https://www.google.com/maps/?q=51.398279,-0.085503",0.45,6,1,0,0,173,70,18,5,2,3,0,3,3,0.07,0.37,0.45,0.46,248,101,72,23,38,3,19,16,0,1,1,10,63,11,4,21,6,49,32,45,17,55,5,56,2.23,15,7,3,2,454,85,11,8,4,4,1,12,3,1.22,0.23,1.44,1.53,533,265,189,40,58,6,25,25,2,2,0,4,36,3,3,10,1,53,39,55,14,45,12,60,100009,,
https://www.fotmob.com/en-GB/matches/burnley-vs-wolverhampton-wanderers/2byja73610266,Burnley,,Wolverhampton Wanderers,,2022-04-24T13:00:00.000Z,Turf Moor,Anthony Taylor,"19,246",Premier League Round 34 2021/2022,36,64,"https://www.google.com/maps/?q=53.788984,-2.230225",1.40,14,5,1,0,240,74,8,3,5,4,0,10,4,1.32,0.09,1.40,1.34,324,115,125,17,36,4,33,15,5,3,0,14,70,15,5,16,4,44,33,43,11,48,6,33,0.63,10,4,0,0,488,83,7,6,1,5,0,6,4,0.63,0.01,0.63,0.69,590,263,225,28,50,4,25,25,2,1,0,16,57,9,4,15,4,56,44,57,12,52,10,59,100010,,
https://www.fotmob.com/en-GB/matches/burnley-vs-wolverhampton-wanderers/2byja73610266,Wolverhampton Wanderers,,Burnley,,2022-04-24T13:00:00.000Z,Turf Moor,Anthony Taylor,"19,246",Premier League Round 34 2021/2022,64,36,"https://www.google.com/maps/?q=53.788984,-2.230225",0.63,10,4,0,0,488,83,7,6,1,5,0,6,4,0.63,0.01,0.63,0.69,590,263,225,28,50,4,25,25,2,1,0,16,57,9,4,15,4,56,44,57,12,52,10,59,1.40,14,5,1,0,240,74,8,3,5,4,0,10,4,1.32,0.09,1.40,1.34,324,115,125,17,36,4,33,15,5,3,0,14,70,15,5,16,4,44,33,43,11,48,6,33,100010,,
https://www.fotmob.com/en-GB/matches/chelsea-vs-manchester-united/2w9xj53610296,Manchester United,,Chelsea,,2022-04-28T18:45:00.000Z,Old Trafford,Mike Dean,"73,564",Premier League Round 37 2021/2022,35,65,"https://www.google.com/maps/?q=53.463094,-2.291374",0.54,6,3,1,0,272,79,9,2,1,2,0,4,2,0.35,0.19,0.54,0.38,345,147,125,28,51,2,20,16,2,0,0,12,75,14,6,30,5,49,34,53,15,56,8,62,1.91,21,6,3,2,556,89,12,9,9,6,1,15,6,1.63,0.27,1.91,1.73,628,203,353,31,69,5,19,20,3,1,0,6,50,9,2,13,2,42,30,47,12,44,9,69,100011,,
https://www.fotmob.com/en-GB/matches/chelsea-vs-manchester-united/2w9xj53610296,Chelsea,,Manchester United,,2022-04-28T18:45:00.000Z,Old Trafford,Mike Dean,"73,564",Premier League Round 37 2021/2022,65,35,"https://www.google.com/maps/?q=53.463094,-2.291374",1.91,21,6,3,2,556,89,12,9,9,6,1,15,6,1.63,0.27,1.91,1.73,628,203,353,31,69,5,19,20,3,1,0,6,50,9,2,13,2,42,30,47,12,44,9,69,0.54,6,3,1,0,272,79,9,2,1,2,0,4,2,0.35,0.19,0.54,0.38,345,147,125,28,51,2,20,16,2,0,0,12,75,14,6,30,5,49,34,53,15,56,8,62,100011,,
https://www.fotmob.com/en-GB/matches/burnley-vs-watford/2ojpnp3610272,Watford,,Burnley,,2022-04-30T14:00:00.000Z,Vicarage Road,Craig Pawson,"20,738",Premier League Round 35 2021/2022,46,54,"https://www.google.com/maps/?q=51.649907,-0.401629",1.04,13,1,0,0,213,64,13,5,9,3,2,9,4,0.81,0.24,1.04,0.12,334,105,108,17,24,6,23,29,1,1,0,8,50,8,6,29,4,61,31,50,30,57,6,55,1.63,17,6,1,0,269,68,9,6,5,6,0,12,5,0.91,0.72,1.63,0.95,396,110,159,31,48,6,30,27,0,2,0,9,56,8,2,25,1,54,31,50,23,43,2,20,100012,,
https://www.fotmob.com/en-GB/matches/burnley-vs-watford/2ojpnp3610272,Burnley,,Watford,,2022-04-30T14:00:00.000Z,Vicarage Road,Craig Pawson,"20,738",Premier League Round 35 2021/2022,54,46,"https://www.google.com/maps/?q=51.649907,-0.401629",1.63,17,6,1,0,269,68,9,6,5,6,0,12,5,0.91,0.72,1.63,0.95,396,110,159,31,48,6,30,27,0,2,0,9,56,8,2,25,1,54,31,50,23,43,2,20,1.04,13,1,0,0,213,64,13,5,9,3,2,9,4,0.81,0.24,1.04,0.12,334,105,108,17,24,6,23,29,1,1,0,8,50,8,6,29,4,61,31,50,30,57,6,55,100012,,
https://www.fotmob.com/en-GB/matches/chelsea-vs-arsenal/2rhhrp3610172,Chelsea,,Arsenal,,2022-04-20T18:45:00.000Z,Stamford Bridge,Jonathan Moss,"32,249",Premier League Round 25 2021/2022,68,32,"https://www.google.com/maps/?q=51.481712,-0.190975",0.68,11,2,0,0,605,86,7,6,5,4,0,9,2,0.60,0.08,0.68,0.46,704,279,326,23,47,3,15,21,1,3,0,13,57,10,3,5,0,49,35,51,14,50,8,57,2.03,14,4,2,0,251,76,6,1,7,3,0,10,4,1.24,0.00,1.24,2.41,332,113,138,13,30,1,13,16,4,1,0,9,45,15,4,25,0,48,34,49,14,50,7,39,100013,,
https://www.fotmob.com/en-GB/matches/chelsea-vs-arsenal/2rhhrp3610172,Arsenal,,Chelsea,,2022-04-20T18:45:00.000Z,Stamford Bridge,Jonathan Moss,"32,249",Premier League Round 25 2021/2022,32,68,"https://www.google.com/maps/?q=51.481712,-0.190975",2.03,14,4,2,0,251,76,6,1,7,3,0,10,4,1.24,0.00,1.24,2.41,332,113,138,13,30,1,13,16,4,1,0,9,45,15,4,25,0,48,34,49,14,50,7,39,0.68,11,2,0,0,605,86,7,6,5,4,0,9,2,0.60,0.08,0.68,0.46,704,279,326,23,47,3,15,21,1,3,0,13,57,10,3,5,0,49,35,51,14,50,8,57,100013,,
https://www.fotmob.com/en-GB/matches/burnley-vs-southampton/2als173610221,Burnley,,Southampton,,2022-04-21T18:45:00.000Z,Turf Moor,Stuart Attwell,"17,384",Premier League Round 30 2021/2022,43,57,"https://www.google.com/maps/?q=53.788984,-2.230225",1.62,16,6,5,5,244,69,7,10,4,6,1,11,5,0.52,1.10,1.62,2.20,354,120,124,27,40,6,29,23,3,2,0,8,53,6,4,24,4,48,32,52,16,57,10,67,0.90,11,3,2,2,396,83,7,10,4,4,0,10,1,0.51,0.39,0.90,0.81,479,190,206,25,42,3,11,20,2,2,0,9,60,12,5,23,4,41,29,48,12,43,7,47,100014,,
https://www.fotmob.com/en-GB/matches/burnley-vs-southampton/2als173610221,Southampton,,Burnley,,2022-04-21T18:45:00.000Z,Turf Moor,Stuart Attwell,"17,384",Premier League Round 30 2021/2022,57,43,"https://www.google.com/maps/?q=53.788984,-2.230225",0.90,11,3,2,2,396,83,7,10,4,4,0,10,1,0.51,0.39,0.90,0.81,479,190,206,25,42,3,11,20,2,2,0,9,60,12,5,23,4,41,29,48,12,43,7,47,1.62,16,6,5,5,244,69,7,10,4,6,1,11,5,0.52,1.10,1.62,2.20,354,120,124,27,40,6,29,23,3,2,0,8,53,6,4,24,4,48,32,52,16,57,10,67,100014,,
https://www.fotmob.com/en-GB/matches/norwich-city-vs-newcastle-united/3ceu2a3610260,Norwich City,,Newcastle United,,2022-04-23T14:00:00.000Z,Carrow Road,Chris Kavanagh,"26,910",Premier League Round 34 2021/2022,45,55,"https://www.google.com/maps/?q=52.622091,1.309122",0.63,5,2,2,2,315,76,11,2,3,0,0,4,1,0.57,0.05,0.63,0.50,417,176,139,27,43,1,7,26,1,0,0,12,60,15,0,12,4,49,39,52,10,48,9,60,1.95,13,7,3,1,420,83,10,3,6,0,0,10,3,1.69,0.26,1.95,1.77,506,235,185,28,49,4,40,27,0,2,0,11,73,14,0,17,2,47,36,48,11,52,10,59,100015,,
https://www.fotmob.com/en-GB/matches/norwich-city-vs-newcastle-united/3ceu2a3610260,Newcastle United,,Norwich City,,2022-04-23T14:00:00.000Z,Carrow Road,Chris Kavanagh,"26,910",Premier League Round 34 2021/2022,55,45,"https://www.google.com/maps/?q=52.622091,1.309122",1.95,13,7,3,1,420,83,10,3,6,0,0,10,3,1.69,0.26,1.95,1.77,506,235,185,28,49,4,40,27,0,2,0,11,73,14,0,17,2,47,36,48,11,52,10,59,0.63,5,2,2,2,315,76,11,2,3,0,0,4,1,0.57,0.05,0.63,0.50,417,176,139,27,43,1,7,26,1,0,0,12,60,15,0,12,4,49,39,52,10,48,9,60,100015,,
https://www.fotmob.com/en-GB/matches/burnley-vs-norwich-city/2owgnj3610242,Norwich City,,Burnley,,2022-04-10T13:00:00.000Z,Carrow Road,Michael Oliver,"26,361",Premier League Round 32 2021/2022,45,55,"https://www.google.com/maps/?q=52.622091,1.309122",2.02,17,6,2,1,229,65,12,6,6,5,1,9,8,1.45,0.57,2.02,1.47,352,100,129,14,21,3,23,18,3,1,0,7,70,7,6,43,3,53,26,37,27,50,7,37,1.71,18,4,1,1,283,69,10,7,9,5,1,11,7,1.47,0.24,1.71,0.56,412,101,182,37,42,8,22,29,3,1,0,12,52,12,5,19,4,72,45,63,27,50,10,67,100016,,
https://www.fotmob.com/en-GB/matches/burnley-vs-norwich-city/2owgnj3610242,Burnley,,Norwich City,,2022-04-10T13:00:00.000Z,Carrow Road,Michael Oliver,"26,361",Premier League Round 32 2021/2022,55,45,"https://www.google.com/maps/?q=52.622091,1.309122",1.71,18,4,1,1,283,69,10,7,9,5,1,11,7,1.47,0.24,1.71,0.56,412,101,182,37,42,8,22,29,3,1,0,12,52,12,5,19,4,72,45,63,27,50,10,67,2.02,17,6,2,1,229,65,12,6,6,5,1,9,8,1.45,0.57,2.02,1.47,352,100,129,14,21,3,23,18,3,1,0,7,70,7,6,43,3,53,26,37,27,50,7,37,100016,,
https://www.fotmob.com/en-GB/matches/southampton-vs-arsenal/2rlsz33610254,Southampton,,Arsenal,,2022-04-16T14:00:00.000Z,St. Mary's Stadium,Peter Bankes,"31,465",Premier League Round 33 2021/2022,24,76,"https://www.google.com/maps/?q=50.905895,-1.391047",0.78,9,3,1,1,131,62,6,6,1,5,0,6,3,0.50,0.27,0.78,0.58,213,69,62,17,28,2,20,13,2,2,0,7,50,17,4,36,6,42,24,46,18,47,4,36,1.70,23,6,1,1,582,89,6,8,12,5,0,13,10,1.48,0.22,1.70,1.50,655,215,367,13,41,4,13,26,0,1,0,7,58,5,5,20,2,48,28,54,20,53,11,65,100017,15,32
https://www.fotmob.com/en-GB/matches/southampton-vs-arsenal/2rlsz33610254,Arsenal,,Southampton,,2022-04-16T14:00:00.000Z,St. Mary's Stadium,Peter Bankes,"31,465",Premier League Round 33 2021/2022,76,24,"https://www.google.com/maps/?q=50.905895,-1.391047",1.70,23,6,1,1,582,89,6,8,12,5,0,13,10,1.48,0.22,1.70,1.50,655,215,367,13,41,4,13,26,0,1,0,7,58,5,5,20,2,48,28,54,20,53,11,65,0.78,9,3,1,1,131,62,6,6,1,5,0,6,3,0.50,0.27,0.78,0.58,213,69,62,17,28,2,20,13,2,2,0,7,50,17,4,36,6,42,24,46,18,47,4,36,100017,32,15
https://www.fotmob.com/en-GB/matches/west-ham-united-vs-everton/2hby1v3610231,West Ham United,,Everton,,2022-04-03T13:00:00.000Z,London Stadium,Michael Oliver,"59,953",Premier League Round 31 2021/2022,56,44,"https://www.google.com/maps/?q=51.538688,-0.016501",1.23,11,5,3,2,441,83,9,2,4,2,0,6,5,1.02,0.21,1.23,1.51,529,240,201,22,39,2,15,15,1,1,0,5,45,4,5,18,1,47,28,54,19,56,6,60,0.66,13,2,0,0,336,83,12,4,6,5,1,8,5,0.47,0.20,0.66,0.50,407,161,175,25,46,4,17,17,1,2,1,7,78,10,2,16,4,39,24,46,15,44,6,55,100018,,
https://www.fotmob.com/en-GB/matches/west-ham-united-vs-everton/2hby1v3610231,Everton,,West Ham United,,2022-04-03T13:00:00.000Z,London Stadium,Michael Oliver,"59,953",Premier League Round 31 2021/2022,44,56,"https://www.google.com/maps/?q=51.538688,-0.016501",0.66,13,2,0,0,336,83,12,4,6,5,1,8,5,0.47,0.20,0.66,0.50,407,161,175,25,46,4,17,17,1,2,1,7,78,10,2,16,4,39,24,46,15,44,6,55,1.23,11,5,3,2,441,83,9,2,4,2,0,6,5,1.02,0.21,1.23,1.51,529,240,201,22,39,2,15,15,1,1,0,5,45,4,5,18,1,47,28,54,19,56,6,60,100018,,
https://www.fotmob.com/en-GB/matches/wolverhampton-wanderers-vs-newcastle-united/2xxjcy3610243,Newcastle United,,Wolverhampton Wanderers,,2022-04-08T19:00:00.000Z,St. James' Park,Peter Bankes,"52,164",Premier League Round 32 2021/2022,41,59,"https://www.google.com/maps/?q=54.97554,-1.621621",1.51,12,4,1,0,308,81,6,1,3,5,0,8,4,0.48,0.24,0.72,1.49,378,166,142,30,48,2,13,20,1,1,0,7,64,8,1,13,2,45,34,47,11,52,10,63,0.41,5,2,0,0,453,83,13,2,2,1,0,3,2,0.41,0.00,0.41,0.25,546,270,183,24,47,2,14,19,0,1,0,12,50,7,5,15,3,49,39,53,10,48,9,50,100019,,
https://www.fotmob.com/en-GB/matches/wolverhampton-wanderers-vs-newcastle-united/2xxjcy3610243,Wolverhampton Wanderers,,Newcastle United,,2022-04-08T19:00:00.000Z,St. James' Park,Peter Bankes,"52,164",Premier League Round 32 2021/2022,59,41,"https://www.google.com/maps/?q=54.97554,-1.621621",0.41,5,2,0,0,453,83,13,2,2,1,0,3,2,0.41,0.00,0.41,0.25,546,270,183,24,47,2,14,19,0,1,0,12,50,7,5,15,3,49,39,53,10,48,9,50,1.51,12,4,1,0,308,81,6,1,3,5,0,8,4,0.48,0.24,0.72,1.49,378,166,142,30,48,2,13,20,1,1,0,7,64,8,1,13,2,45,34,47,11,52,10,63,100019,,
https://www.fotmob.com/en-GB/matches/leeds-united-vs-watford/2rhhrh3610240,Watford,,Leeds United,,2022-04-09T14:00:00.000Z,Vicarage Road,Andre Marriner,"20,957",Premier League Round 32 2021/2022,48,52,"https://www.google.com/maps/?q=51.649907,-0.401629",1.07,8,1,2,2,253,67,8,3,7,0,0,3,5,0.59,0.48,1.07,0.95,380,113,140,20,34,4,25,40,3,2,0,15,71,14,0,18,2,85,60,48,25,53,27,46,0.73,10,5,1,0,263,64,12,7,5,0,0,6,4,0.51,0.22,0.73,2.10,412,154,109,19,27,3,21,26,1,0,0,27,59,18,0,19,1,88,66,52,22,47,12,57,100020,,
https://www.fotmob.com/en-GB/matches/leeds-united-vs-watford/2rhhrh3610240,Leeds United,,Watford,,2022-04-09T14:00:00.000Z,Vicarage Road,Andre Marriner,"20,957",Premier League Round 32 2021/2022,52,48,"https://www.google.com/maps/?q=51.649907,-0.401629",0.73,10,5,1,0,263,64,12,7,5,0,0,6,4,0.51,0.22,0.73,2.10,412,154,109,19,27,3,21,26,1,0,0,27,59,18,0,19,1,88,66,52,22,47,12,57,1.07,8,1,2,2,253,67,8,3,7,0,0,3,5,0.59,0.48,1.07,0.95,380,113,140,20,34,4,25,40,3,2,0,15,71,14,0,18,2,85,60,48,25,53,27,46,100020,,
https://www.fotmob.com/en-GB/matches/west-ham-united-vs-brighton-hove-albion/2xvimt3610302,Brighton & Hove Albion,,West Ham United,,2022-05-22T15:00:00.000Z,The American Express Community Stadium,Kevin Friend,"31,604",Premier League Round 38 2021/2022,50,50,"https://www.google.com/maps/?q=50.86158,-0.083642",1.57,18,7,1,1,403,82,9,5,4,7,0,13,5,1.37,0.20,1.57,1.72,489,185,218,21,40,6,32,13,0,1,0,8,67,6,3,22,1,46,26,53,20,61,5,83,0.22,7,2,0,0,391,81,9,6,2,3,0,4,3,0.11,0.11,0.22,0.68,480,205,186,42,53,2,7,20,0,1,0,9,64,6,7,19,4,36,23,47,13,39,1,25,100021,,
https://www.fotmob.com/en-GB/matches/west-ham-united-vs-brighton-hove-albion/2xvimt3610302,West Ham United,,Brighton & Hove Albion,,2022-05-22T15:00:00.000Z,The American Express Community Stadium,Kevin Friend,"31,604",Premier League Round 38 2021/2022,50,50,"https://www.google.com/maps/?q=50.86158,-0.083642",0.22,7,2,0,0,391,81,9,6,2,3,0,4,3,0.11,0.11,0.22,0.68,480,205,186,42,53,2,7,20,0,1,0,9,64,6,7,19,4,36,23,47,13,39,1,25,1.57,18,7,1,1,403,82,9,5,4,7,0,13,5,1.37,0.20,1.57,1.72,489,185,218,21,40,6,32,13,0,1,0,8,67,6,3,22,1,46,26,53,20,61,5,83,100021,,
https://www.fotmob.com/en-GB/matches/leicester-city-vs-southampton/2anx5y3610306,Leicester City,,Southampton,,2022-05-22T15:00:00.000Z,King Power Stadium,Jonathan Moss,"32,003",Premier League Round 38 2021/2022,51,49,"https://www.google.com/maps/?q=52.620377,-1.14231",3.45,12,6,7,3,353,79,10,3,4,2,0,10,2,2.91,0.54,3.45,3.49,448,203,150,24,49,4,44,19,1,0,0,5,25,7,0,14,1,40,32,48,8,44,7,47,1.14,7,2,1,0,328,77,5,3,5,0,0,5,2,0.30,0.06,0.36,1.10,425,153,175,20,35,5,36,21,3,1,0,13,76,11,2,9,2,44,34,52,10,56,8,44,100022,,
https://www.fotmob.com/en-GB/matches/leicester-city-vs-southampton/2anx5y3610306,Southampton,,Leicester City,,2022-05-22T15:00:00.000Z,King Power Stadium,Jonathan Moss,"32,003",Premier League Round 38 2021/2022,49,51,"https://www.google.com/maps/?q=52.620377,-1.14231",1.14,7,2,1,0,328,77,5,3,5,0,0,5,2,0.30,0.06,0.36,1.10,425,153,175,20,35,5,36,21,3,1,0,13,76,11,2,9,2,44,34,52,10,56,8,44,3.45,12,6,7,3,353,79,10,3,4,2,0,10,2,2.91,0.54,3.45,3.49,448,203,150,24,49,4,44,19,1,0,0,5,25,7,0,14,1,40,32,48,8,44,7,47,100022,,
https://www.fotmob.com/en-GB/matches/burnley-vs-tottenham-hotspur/2bss1j3610293,Tottenham Hotspur,,Burnley,,2022-05-15T11:00:00.000Z,Tottenham Hotspur Stadium,Kevin Friend,"61,729",Premier League Round 37 2021/2022,68,32,"https://www.google.com/maps/?q=51.603249,-0.065773",2.18,21,8,3,2,568,88,12,8,7,6,0,12,9,1.31,0.08,1.39,2.48,647,249,319,33,57,10,29,20,1,3,0,6,67,4,1,16,1,49,25,44,24,53,9,64,0.68,8,1,1,1,221,74,8,2,6,1,1,7,1,0.36,0.32,0.68,0.10,299,95,126,30,45,4,31,15,2,2,0,7,41,8,7,25,6,53,32,56,21,47,3,43,100023,,
https://www.fotmob.com/en-GB/matches/burnley-vs-tottenham-hotspur/2bss1j3610293,Burnley,,Tottenham Hotspur,,2022-05-15T11:00:00.000Z,Tottenham Hotspur Stadium,Kevin Friend,"61,729",Premier League Round 37 2021/2022,32,68,"https://www.google.com/maps/?q=51.603249,-0.065773",0.68,8,1,1,1,221,74,8,2,6,1,1,7,1,0.36,0.32,0.68,0.10,299,95,126,30,45,4,31,15,2,2,0,7,41,8,7,25,6,53,32,56,21,47,3,43,2.18,21,8,3,2,568,88,12,8,7,6,0,12,9,1.31,0.08,1.39,2.48,647,249,319,33,57,10,29,20,1,3,0,6,67,4,1,16,1,49,25,44,24,53,9,64,100023,,
https://www.fotmob.com/en-GB/matches/manchester-city-vs-west-ham-united/2f5prf3610291,West Ham United,,Manchester City,,2022-05-15T13:00:00.000Z,London Stadium,Anthony Taylor,"59,972",Premier League Round 37 2021/2022,22,78,"https://www.google.com/maps/?q=51.538688,-0.016501",1.07,6,2,2,1,123,65,9,4,3,1,0,5,1,1.02,0.04,1.07,0.67,189,65,58,25,45,5,38,9,1,3,0,7,64,13,13,40,7,40,22,42,18,49,6,55,2.43,31,8,1,1,635,91,5,9,10,13,0,18,13,1.44,0.21,1.64,2.38,697,168,467,27,60,7,18,15,0,1,0,7,70,5,1,10,0,49,30,58,19,51,11,69,100024,,
https://www.fotmob.com/en-GB/matches/manchester-city-vs-west-ham-united/2f5prf3610291,Manchester City,,West Ham United,,2022-05-15T13:00:00.000Z,London Stadium,Anthony Taylor,"59,972",Premier League Round 37 2021/2022,78,22,"https://www.google.com/maps/?q=51.538688,-0.016501",2.43,31,8,1,1,635,91,5,9,10,13,0,18,13,1.44,0.21,1.64,2.38,697,168,467,27,60,7,18,15,0,1,0,7,70,5,1,10,0,49,30,58,19,51,11,69,1.07,6,2,2,1,123,65,9,4,3,1,0,5,1,1.02,0.04,1.07,0.67,189,65,58,25,45,5,38,9,1,3,0,7,64,13,13,40,7,40,22,42,18,49,6,55,100024,,
https://www.fotmob.com/en-GB/matches/southampton-vs-liverpool/2f7wzk3610294,Southampton,,Liverpool,,2022-05-17T18:45:00.000Z,St. Mary's Stadium,Martin Atkinson,"31,588",Premier League Round 37 2021/2022,29,71,"https://www.google.com/maps/?q=50.905895,-1.391047",0.11,4,2,0,0,226,75,6,1,0,2,0,1,3,0.07,0.03,0.11,0.62,300,132,94,21,37,1,10,17,0,2,0,9,60,8,9,39,3,39,24,41,15,54,4,29,1.30,24,5,0,0,655,89,6,9,10,9,0,12,12,1.18,0.12,1.30,1.15,734,267,388,26,63,7,20,25,2,0,0,10,56,9,2,12,1,48,35,59,13,46,11,69,100025,,
https://www.fotmob.com/en-GB/matches/southampton-vs-liverpool/2f7wzk3610294,Liverpool,,Southampton,,2022-05-17T18:45:00.000Z,St. Mary's Stadium,Martin Atkinson,"31,588",Premier League Round 37 2021/2022,71,29,"https://www.google.com/maps/?q=50.905895,-1.391047",1.30,24,5,0,0,655,89,6,9,10,9,0,12,12,1.18,0.12,1.30,1.15,734,267,388,26,63,7,20,25,2,0,0,10,56,9,2,12,1,48,35,59,13,46,11,69,0.11,4,2,0,0,226,75,6,1,0,2,0,1,3,0.07,0.03,0.11,0.62,300,132,94,21,37,1,10,17,0,2,0,9,60,8,9,39,3,39,24,41,15,54,4,29,100025,,
https://www.fotmob.com/en-GB/matches/leeds-united-vs-arsenal/2rkmmx3610289,Arsenal,,Leeds United,,2022-05-08T13:00:00.000Z,Emirates Stadium,Chris Kavanagh,"60,108",Premier League Round 36 2021/2022,63,37,"https://www.google.com/maps/?q=51.555075,-0.108458",2.00,19,9,3,1,556,90,13,8,8,2,0,15,4,1.39,0.61,2.00,2.10,621,189,367,26,70,9,35,30,1,2,0,10,63,5,1,9,1,52,45,54,7,47,15,56,0.31,3,2,2,1,285,78,15,2,0,1,0,2,1,0.00,0.31,0.31,0.41,364,242,43,23,40,1,13,10,0,2,1,15,63,2,2,24,7,46,38,46,8,53,2,18,100026,38,7
https://www.fotmob.com/en-GB/matches/leeds-united-vs-arsenal/2rkmmx3610289,Leeds United,,Arsenal,,2022-05-08T13:00:00.000Z,Emirates Stadium,Chris Kavanagh,"60,108",Premier League Round 36 2021/2022,37,63,"https://www.google.com/maps/?q=51.555075,-0.108458",0.31,3,2,2,1,285,78,15,2,0,1,0,2,1,0.00,0.31,0.31,0.41,364,242,43,23,40,1,13,10,0,2,1,15,63,2,2,24,7,46,38,46,8,53,2,18,2.00,19,9,3,1,556,90,13,8,8,2,0,15,4,1.39,0.61,2.00,2.10,621,189,367,26,70,9,35,30,1,2,0,10,63,5,1,9,1,52,45,54,7,47,15,56,100026,7,38
https://www.fotmob.com/en-GB/matches/liverpool-vs-aston-villa/2ydbmv3610259,Aston Villa,,Liverpool,,2022-05-10T19:00:00.000Z,Villa Park,Jonathan Moss,"41,919",Premier League Round 33 2021/2022,39,61,"https://www.google.com/maps/?q=52.509091,-1.884842",1.56,9,4,3,2,259,76,10,2,5,0,0,7,2,1.05,0.51,1.56,1.15,343,142,117,27,42,4,36,24,3,0,0,7,58,12,4,15,3,48,36,47,12,55,12,67,1.85,17,6,2,1,441,83,12,3,8,3,0,11,6,0.74,1.11,1.85,1.17,530,213,228,42,66,5,29,20,2,0,0,10,67,8,0,13,3,51,41,53,10,45,17,63,100027,,
https://www.fotmob.com/en-GB/matches/liverpool-vs-aston-villa/2ydbmv3610259,Liverpool,,Aston Villa,,2022-05-10T19:00:00.000Z,Villa Park,Jonathan Moss,"41,919",Premier League Round 33 2021/2022,61,39,"https://www.google.com/maps/?q=52.509091,-1.884842",1.85,17,6,2,1,441,83,12,3,8,3,0,11,6,0.74,1.11,1.85,1.17,530,213,228,42,66,5,29,20,2,0,0,10,67,8,0,13,3,51,41,53,10,45,17,63,1.56,9,4,3,2,259,76,10,2,5,0,0,7,2,1.05,0.51,1.56,1.15,343,142,117,27,42,4,36,24,3,0,0,7,58,12,4,15,3,48,36,47,12,55,12,67,100027,,
https://www.fotmob.com/en-GB/matches/manchester-city-vs-wolverhampton-wanderers/2emo8d3610250,Wolverhampton Wanderers,,Manchester City,,2022-05-11T19:15:00.000Z,Molineux Stadium,Martin Atkinson,"20,257",Premier League Round 33 2021/2022,34,66,"https://www.google.com/maps/?q=52.590238,-2.130433",0.53,7,3,0,0,319,83,2,6,3,1,0,5,2,0.50,0.03,0.53,0.64,383,241,78,25,50,5,33,10,2,0,0,9,56,8,1,12,0,39,35,55,4,27,10,50,2.46,15,5,6,2,721,92,11,2,9,1,2,12,3,2.46,0.00,2.46,3.67,787,426,295,47,80,1,8,12,3,1,0,10,45,8,1,10,2,40,29,45,11,73,5,56,100028,,
https://www.fotmob.com/en-GB/matches/manchester-city-vs-wolverhampton-wanderers/2emo8d3610250,Manchester City,,Wolverhampton Wanderers,,2022-05-11T19:15:00.000Z,Molineux Stadium,Martin Atkinson,"20,257",Premier League Round 33 2021/2022,66,34,"https://www.google.com/maps/?q=52.590238,-2.130433",2.46,15,5,6,2,721,92,11,2,9,1,2,12,3,2.46,0.00,2.46,3.67,787,426,295,47,80,1,8,12,3,1,0,10,45,8,1,10,2,40,29,45,11,73,5,56,0.53,7,3,0,0,319,83,2,6,3,1,0,5,2,0.50,0.03,0.53,0.64,383,241,78,25,50,5,33,10,2,0,0,9,56,8,1,12,0,39,35,55,4,27,10,50,100028,,
https://www.fotmob.com/en-GB/matches/west-ham-united-vs-arsenal/2tnw093610271,West Ham United,,Arsenal,,2022-05-01T15:30:00.000Z,London Stadium,Mike Dean,"59,959",Premier League Round 35 2021/2022,57,43,"https://www.google.com/maps/?q=51.538688,-0.016501",0.52,8,3,0,0,503,86,7,3,1,4,0,7,1,0.50,0.02,0.52,0.63,586,238,265,28,49,4,18,23,1,2,0,6,55,8,2,8,5,37,22,41,15,45,5,38,0.93,13,7,1,0,377,83,9,7,4,2,0,7,6,0.56,0.38,0.93,1.74,454,230,147,14,30,4,31,11,0,2,0,9,56,10,4,26,2,50,32,59,18,55,10,67,100029,,
https://www.fotmob.com/en-GB/matches/west-ham-united-vs-arsenal/2tnw093610271,Arsenal,,West Ham United,,2022-05-01T15:30:00.000Z,London Stadium,Mike Dean,"59,959",Premier League Round 35 2021/2022,43,57,"https://www.google.com/maps/?q=51.538688,-0.016501",0.93,13,7,1,0,377,83,9,7,4,2,0,7,6,0.56,0.38,0.93,1.74,454,230,147,14,30,4,31,11,0,2,0,9,56,10,4,26,2,50,32,59,18,55,10,67,0.52,8,3,0,0,503,86,7,3,1,4,0,7,1,0.50,0.02,0.52,0.63,586,238,265,28,49,4,18,23,1,2,0,6,55,8,2,8,5,37,22,41,15,45,5,38,100029,,
https://www.fotmob.com/en-GB/matches/chelsea-vs-wolverhampton-wanderers/2emb2j3610285,Chelsea,,Wolverhampton Wanderers,,2022-05-07T14:00:00.000Z,Stamford Bridge,Peter Bankes,"32,190",Premier League Round 36 2021/2022,59,41,"https://www.google.com/maps/?q=51.481712,-0.190975",1.73,19,6,1,0,423,86,7,9,8,5,0,13,6,0.78,0.16,0.94,1.85,493,219,204,20,50,5,25,18,2,1,0,10,50,8,1,16,2,54,39,51,15,60,8,50,2.02,14,4,2,1,260,78,11,3,9,1,0,10,4,1.41,0.61,2.02,0.75,332,165,95,17,40,6,33,15,1,3,0,11,61,12,5,28,4,48,38,49,10,40,13,72,100030,,
https://www.fotmob.com/en-GB/matches/chelsea-vs-wolverhampton-wanderers/2emb2j3610285,Wolverhampton Wanderers,,Chelsea,,2022-05-07T14:00:00.000Z,Stamford Bridge,Peter Bankes,"32,190",Premier League Round 36 2021/2022,41,59,"https://www.google.com/maps/?q=51.481712,-0.190975",2.02,14,4,2,1,260,78,11,3,9,1,0,10,4,1.41,0.61,2.02,0.75,332,165,95,17,40,6,33,15,1,3,0,11,61,12,5,28,4,48,38,49,10,40,13,72,1.73,19,6,1,0,423,86,7,9,8,5,0,13,6,0.78,0.16,0.94,1.85,493,219,204,20,50,5,25,18,2,1,0,10,50,8,1,16,2,54,39,51,15,60,8,50,100030,,
https://www.fotmob.com/en-GB/matches/southampton-vs-brighton-hove-albion/2vrwh73610267,Brighton & Hove Albion,,Southampton,,2022-04-24T13:00:00.000Z,The American Express Community Stadium,Robert Jones,"31,335",Premier League Round 34 2021/2022,49,51,"https://www.google.com/maps/?q=50.86158,-0.083642",1.66,8,5,3,2,229,65,12,6,0,3,0,7,1,1.63,0.04,1.66,3.07,352,95,134,18,32,9,45,20,2,1,0,8,47,6,7,29,3,50,26,46,24,53,4,57,0.86,18,5,0,0,258,70,7,6,6,7,1,9,9,0.61,0.25,0.86,0.95,366,97,161,23,38,5,19,33,3,0,0,4,31,17,2,22,4,52,31,54,21,47,6,86,100031,,
https://www.fotmob.com/en-GB/matches/southampton-vs-brighton-hove-albion/2vrwh73610267,Southampton,,Brighton & Hove Albion,,2022-04-24T13:00:00.000Z,The American Express Community Stadium,Robert Jones,"31,335",Premier League Round 34 2021/2022,51,49,"https://www.google.com/maps/?q=50.86158,-0.083642",0.86,18,5,0,0,258,70,7,6,6,7,1,9,9,0.61,0.25,0.86,0.95,366,97,161,23,38,5,19,33,3,0,0,4,31,17,2,22,4,52,31,54,21,47,6,86,1.66,8,5,3,2,229,65,12,6,0,3,0,7,1,1.63,0.04,1.66,3.07,352,95,134,18,32,9,45,20,2,1,0,8,47,6,7,29,3,50,26,46,24,53,4,57,100031,,
https://www.fotmob.com/en-GB/matches/leeds-united-vs-crystal-palace/2rl0qz3610264,Crystal Palace,,Leeds United,,2022-04-25T19:00:00.000Z,Selhurst Park,Darren England,"25,357",Premier League Round 34 2021/2022,52,48,"https://www.google.com/maps/?q=51.398279,-0.085503",1.88,17,7,1,1,325,75,12,6,6,4,0,14,3,1.53,0.35,1.88,0.96,432,198,127,35,52,8,40,31,1,2,0,7,54,12,3,8,2,76,50,51,26,58,24,62,0.47,9,2,0,0,271,69,13,3,4,3,0,5,4,0.23,0.24,0.47,0.21,392,158,113,17,26,2,20,25,1,2,0,17,59,12,4,25,7,68,49,49,19,42,8,53,100032,,
https://www.fotmob.com/en-GB/matches/leeds-united-vs-crystal-palace/2rl0qz3610264,Leeds United,,Crystal Palace,,2022-04-25T19:00:00.000Z,Selhurst Park,Darren England,"25,357",Premier League Round 34 2021/2022,48,52,"https://www.google.com/maps/?q=51.398279,-0.085503",0.47,9,2,0,0,271,69,13,3,4,3,0,5,4,0.23,0.24,0.47,0.21,392,158,113,17,26,2,20,25,1,2,0,17,59,12,4,25,7,68,49,49,19,42,8,53,1.88,17,7,1,1,325,75,12,6,6,4,0,14,3,1.53,0.35,1.88,0.96,432,198,127,35,52,8,40,31,1,2,0,7,54,12,3,8,2,76,50,51,26,58,24,62,100032,,
https://www.fotmob.com/en-GB/matches/southampton-vs-crystal-palace/2rm7383610274,Southampton,,Crystal Palace,,2022-04-30T14:00:00.000Z,St. Mary's Stadium,Jarred Gillett,"31,359",Premier League Round 35 2021/2022,38,62,"https://www.google.com/maps/?q=50.905895,-1.391047",0.62,8,3,0,0,221,68,13,6,3,2,0,5,3,0.26,0.37,0.62,0.47,326,117,104,19,34,2,13,16,0,1,0,17,74,13,6,23,3,69,37,52,32,59,5,63,1.10,14,5,0,0,436,82,11,7,3,6,0,11,3,0.98,0.12,1.10,0.98,529,267,169,33,48,6,29,24,4,3,0,5,63,8,2,29,2,56,34,48,22,41,13,72,100033,,
https://www.fotmob.com/en-GB/matches/southampton-vs-crystal-palace/2rm7383610274,Crystal Palace,,Southampton,,2022-04-30T14:00:00.000Z,St. Mary's Stadium,Jarred Gillett,"31,359",Premier League Round 35 2021/2022,62,38,"https://www.google.com/maps/?q=50.905895,-1.391047",1.10,14,5,0,0,436,82,11,7,3,6,0,11,3,0.98,0.12,1.10,0.98,529,267,169,33,48,6,29,24,4,3,0,5,63,8,2,29,2,56,34,48,22,41,13,72,0.62,8,3,0,0,221,68,13,6,3,2,0,5,3,0.26,0.37,0.62,0.47,326,117,104,19,34,2,13,16,0,1,0,17,74,13,6,23,3,69,37,52,32,59,5,63,100033,,
https://www.fotmob.com/en-GB/matches/liverpool-vs-manchester-united/2ygkcb3610223,Liverpool,,Manchester United,,2022-04-19T19:00:00.000Z,Anfield,Martin Atkinson,"52,686",Premier League Round 30 2021/2022,72,28,"https://www.google.com/maps/?q=53.430828,-2.960853",1.97,14,5,4,2,818,91,3,9,6,3,0,11,3,1.62,0.35,1.97,1.95,897,450,368,34,58,4,24,21,3,1,0,11,73,10,1,6,1,39,28,47,11,55,7,54,0.10,2,1,0,0,260,73,6,2,0,1,0,1,1,0.10,0.00,0.10,0.14,354,177,83,14,32,2,33,12,2,2,0,14,64,16,3,16,1,41,32,53,9,45,7,64,100034,,
https://www.fotmob.com/en-GB/matches/liverpool-vs-manchester-united/2ygkcb3610223,Manchester United,,Liverpool,,2022-04-19T19:00:00.000Z,Anfield,Martin Atkinson,"52,686",Premier League Round 30 2021/2022,28,72,"https://www.google.com/maps/?q=53.430828,-2.960853",0.10,2,1,0,0,260,73,6,2,0,1,0,1,1,0.10,0.00,0.10,0.14,354,177,83,14,32,2,33,12,2,2,0,14,64,16,3,16,1,41,32,53,9,45,7,64,1.97,14,5,4,2,818,91,3,9,6,3,0,11,3,1.62,0.35,1.97,1.95,897,450,368,34,58,4,24,21,3,1,0,11,73,10,1,6,1,39,28,47,11,55,7,54,100034,,
https://www.fotmob.com/en-GB/matches/manchester-city-vs-brighton-hove-albion/2vnwg23610224,Manchester City,,Brighton & Hove Albion,,2022-04-20T19:00:00.000Z,Etihad Stadium,Mike Dean,"52,226",Premier League Round 30 2021/2022,65,35,"https://www.google.com/maps/?q=53.483152,-2.200409",1.25,17,5,1,0,586,88,12,7,4,8,0,9,8,1.14,0.12,1.25,1.69,667,272,314,39,66,1,7,16,1,0,0,11,69,11,0,14,1,41,27,41,14,56,4,29,0.16,2,1,0,0,260,74,7,4,1,0,0,1,1,0.00,0.16,0.16,0.02,353,166,94,23,41,1,9,14,2,3,0,10,50,5,8,15,2,50,39,59,11,44,7,41,100035,,
https://www.fotmob.com/en-GB/matches/manchester-city-vs-brighton-hove-albion/2vnwg23610224,Brighton & Hove Albion,,Manchester City,,2022-04-20T19:00:00.000Z,Etihad Stadium,Mike Dean,"52,226",Premier League Round 30 2021/2022,35,65,"https://www.google.com/maps/?q=53.483152,-2.200409",0.16,2,1,0,0,260,74,7,4,1,0,0,1,1,0.00,0.16,0.16,0.02,353,166,94,23,41,1,9,14,2,3,0,10,50,5,8,15,2,50,39,59,11,44,7,41,1.25,17,5,1,0,586,88,12,7,4,8,0,9,8,1.14,0.12,1.25,1.69,667,272,314,39,66,1,7,16,1,0,0,11,69,11,0,14,1,41,27,41,14,56,4,29,100035,,
https://www.fotmob.com/en-GB/matches/manchester-city-vs-watford/2rer1m3610261,Manchester City,,Watford,,2022-04-23T14:00:00.000Z,Etihad Stadium,Kevin Friend,"53,013",Premier League Round 34 2021/2022,74,26,"https://www.google.com/maps/?q=53.483152,-2.200409",3.68,21,8,4,1,619,88,9,11,7,6,0,18,3,2.54,0.35,2.89,3.10,701,232,387,29,56,4,21,13,0,1,0,16,64,7,1,12,1,46,40,56,6,60,8,62,0.48,5,2,1,1,180,73,7,4,2,1,0,5,0,0.40,0.08,0.48,0.43,247,107,73,17,40,3,38,12,2,0,0,7,64,16,5,30,4,36,32,44,4,40,12,46,100036,,
https://www.fotmob.com/en-GB/matches/manchester-city-vs-watford/2rer1m3610261,Watford,,Manchester City,,2022-04-23T14:00:00.000Z,Etihad Stadium,Kevin Friend,"53,013",Premier League Round 34 2021/2022,26,74,"https://www.google.com/maps/?q=53.483152,-2.200409",0.48,5,2,1,1,180,73,7,4,2,1,0,5,0,0.40,0.08,0.48,0.43,247,107,73,17,40,3,38,12,2,0,0,7,64,16,5,30,4,36,32,44,4,40,12,46,3.68,21,8,4,1,619,88,9,11,7,6,0,18,3,2.54,0.35,2.89,3.10,701,232,387,29,56,4,21,13,0,1,0,16,64,7,1,12,1,46,40,56,6,60,8,62,100036,,
https://www.fotmob.com/en-GB/matches/leicester-city-vs-crystal-palace/2opi6m3610245,Leicester City,,Crystal Palace,,2022-04-10T13:00:00.000Z,King Power Stadium,Robert Jones,"31,896",Premier League Round 32 2021/2022,51,49,"https://www.google.com/maps/?q=52.620377,-1.14231",0.98,12,3,0,0,429,84,11,3,3,6,0,6,6,0.60,0.38,0.98,0.71,511,266,163,20,50,3,27,22,0,1,0,9,45,11,5,10,2,48,37,48,11,48,5,71,1.66,11,3,2,1,413,83,12,4,3,5,0,11,0,0.47,0.40,0.87,1.54,495,314,99,21,36,2,33,19,0,1,0,8,47,14,6,15,1,52,40,52,12,52,12,63,100037,,
https://www.fotmob.com/en-GB/matches/leicester-city-vs-crystal-palace/2opi6m3610245,Crystal Palace,,Leicester City,,2022-04-10T13:00:00.000Z,King Power Stadium,Robert Jones,"31,896",Premier League Round 32 2021/2022,49,51,"https://www.google.com/maps/?q=52.620377,-1.14231",1.66,11,3,2,1,413,83,12,4,3,5,0,11,0,0.47,0.40,0.87,1.54,495,314,99,21,36,2,33,19,0,1,0,8,47,14,6,15,1,52,40,52,12,52,12,63,0.98,12,3,0,0,429,84,11,3,3,6,0,6,6,0.60,0.38,0.98,0.71,511,266,163,20,50,3,27,22,0,1,0,9,45,11,5,10,2,48,37,48,11,48,5,71,100037,,
https://www.fotmob.com/en-GB/matches/norwich-city-vs-manchester-united/3ceejn3610256,Manchester United,,Norwich City,,2022-04-16T14:00:00.000Z,Old Trafford,Andy Madley,"73,381",Premier League Round 33 2021/2022,61,39,"https://www.google.com/maps/?q=53.463094,-2.291374",1.96,20,9,1,0,556,89,8,6,5,6,0,12,8,1.72,0.25,1.96,1.28,623,187,369,24,59,3,23,18,3,0,0,11,69,10,4,11,2,47,40,51,7,47,18,56,1.53,15,4,3,1,313,81,6,7,7,4,0,8,7,1.31,0.22,1.53,1.38,386,195,118,28,54,3,17,12,0,0,0,11,55,6,6,18,6,46,38,49,8,53,10,50,100038,,
https://www.fotmob.com/en-GB/matches/norwich-city-vs-manchester-united/3ceejn3610256,Norwich City,,Manchester United,,2022-04-16T14:00:00.000Z,Old Trafford,Andy Madley,"73,381",Premier League Round 33 2021/2022,39,61,"https://www.google.com/maps/?q=53.463094,-2.291374",1.53,15,4,3,1,313,81,6,7,7,4,0,8,7,1.31,0.22,1.53,1.38,386,195,118,28,54,3,17,12,0,0,0,11,55,6,6,18,6,46,38,49,8,53,10,50,1.96,20,9,1,0,556,89,8,6,5,6,0,12,8,1.72,0.25,1.96,1.28,623,187,369,24,59,3,23,18,3,0,0,11,69,10,4,11,2,47,40,51,7,47,18,56,100038,,
https://www.fotmob.com/en-GB/matches/burnley-vs-west-ham-united/2cha6h3610251,West Ham United,,Burnley,,2022-04-17T13:15:00.000Z,London Stadium,Paul Tierney,"59,958",Premier League Round 33 2021/2022,61,39,"https://www.google.com/maps/?q=51.538688,-0.016501",2.23,21,8,3,2,428,85,9,13,8,5,0,17,4,1.56,0.68,2.23,1.60,505,212,216,26,48,8,22,27,1,2,0,1,17,6,2,23,0,39,24,52,15,50,8,89,1.83,9,1,2,1,237,73,11,4,6,2,1,8,1,0.20,0.84,1.04,0.88,325,89,148,25,39,4,20,12,1,2,0,5,45,7,7,25,5,37,22,48,15,50,2,40,100039,,
https://www.fotmob.com/en-GB/matches/burnley-vs-west-ham-united/2cha6h3610251,Burnley,,West Ham United,,2022-04-17T13:15:00.000Z,London Stadium,Paul Tierney,"59,958",Premier League Round 33 2021/2022,39,61,"https://www.google.com/maps/?q=51.538688,-0.016501",1.83,9,1,2,1,237,73,11,4,6,2,1,8,1,0.20,0.84,1.04,0.88,325,89,148,25,39,4,20,12,1,2,0,5,45,7,7,25,5,37,22,48,15,50,2,40,2.23,21,8,3,2,428,85,9,13,8,5,0,17,4,1.56,0.68,2.23,1.60,505,212,216,26,48,8,22,27,1,2,0,1,17,6,2,23,0,39,24,52,15,50,8,89,100039,,
https://www.fotmob.com/en-GB/matches/burnley-vs-everton/2cmc8m3610112,Burnley,,Everton,,2022-04-06T18:30:00.000Z,Turf Moor,Mike Dean,"19,830",Premier League Round 19 2021/2022,51,49,"https://www.google.com/maps/?q=53.788984,-2.230225",2.02,13,4,3,0,221,66,11,9,6,3,0,10,3,1.66,0.36,2.02,2.40,337,99,122,25,36,2,8,36,1,2,0,2,18,17,8,27,2,64,34,45,30,59,8,36,2.40,16,4,2,0,207,64,16,6,4,8,2,12,4,0.80,0.03,0.83,2.22,324,56,151,20,31,5,18,25,0,2,0,11,58,9,3,35,1,63,42,55,21,41,12,71,100040,,
https://www.fotmob.com/en-GB/matches/burnley-vs-everton/2cmc8m3610112,Everton,,Burnley,,2022-04-06T18:30:00.000Z,Turf Moor,Mike Dean,"19,830",Premier League Round 19 2021/2022,49,51,"https://www.google.com/maps/?q=53.788984,-2.230225",2.40,16,4,2,0,207,64,16,6,4,8,2,12,4,0.80,0.03,0.83,2.22,324,56,151,20,31,5,18,25,0,2,0,11,58,9,3,35,1,63,42,55,21,41,12,71,2.02,13,4,3,0,221,66,11,9,6,3,0,10,3,1.66,0.36,2.02,2.40,337,99,122,25,36,2,8,36,1,2,0,2,18,17,8,27,2,64,34,45,30,59,8,36,100040,,
https://www.fotmob.com/en-GB/matches/chelsea-vs-southampton/2d8s473610241,Southampton,,Chelsea,,2022-04-09T14:00:00.000Z,St. Mary's Stadium,Kevin Friend,"31,359",Premier League Round 32 2021/2022,29,71,"https://www.google.com/maps/?q=50.905895,-1.391047",0.49,4,1,1,1,218,75,11,2,0,3,0,2,2,0.46,0.03,0.49,0.51,292,119,99,19,38,2,14,24,0,1,0,11,61,10,2,15,8,39,30,39,9,31,3,21,4.18,24,14,9,4,662,89,10,3,8,2,3,18,6,4.11,0.08,4.18,4.49,748,297,365,19,50,3,38,17,1,0,0,19,66,4,3,14,1,67,47,61,20,69,8,53,100041,,
https://www.fotmob.com/en-GB/matches/chelsea-vs-southampton/2d8s473610241,Chelsea,,Southampton,,2022-04-09T14:00:00.000Z,St. Mary's Stadium,Kevin Friend,"31,359",Premier League Round 32 2021/2022,71,29,"https://www.google.com/maps/?q=50.905895,-1.391047",4.18,24,14,9,4,662,89,10,3,8,2,3,18,6,4.11,0.08,4.18,4.49,748,297,365,19,50,3,38,17,1,0,0,19,66,4,3,14,1,67,47,61,20,69,8,53,0.49,4,1,1,1,218,75,11,2,0,3,0,2,2,0.46,0.03,0.49,0.51,292,119,99,19,38,2,14,24,0,1,0,11,61,10,2,15,8,39,30,39,9,31,3,21,100041,,
https://www.fotmob.com/en-GB/matches/leeds-united-vs-brentford/2sso1t3610301,Brentford,,Leeds United,,2022-05-22T15:00:00.000Z,Brentford Community Stadium,Paul Tierney,"16,957",Premier League Round 38 2021/2022,49,51,"https://www.google.com/maps/?q=51.490729,-0.288884",0.84,14,5,1,1,319,77,11,3,7,2,0,12,2,0.56,0.28,0.84,0.94,412,204,115,19,37,4,31,19,0,2,1,8,67,15,2,24,4,60,32,54,28,64,7,70,1.29,14,6,2,1,326,74,13,2,6,2,0,5,9,0.40,0.11,0.51,1.83,438,163,163,30,42,1,7,20,2,1,0,6,60,14,1,8,4,43,27,46,16,36,8,57,100042,,
https://www.fotmob.com/en-GB/matches/leeds-united-vs-brentford/2sso1t3610301,Leeds United,,Brentford,,2022-05-22T15:00:00.000Z,Brentford Community Stadium,Paul Tierney,"16,957",Premier League Round 38 2021/2022,51,49,"https://www.google.com/maps/?q=51.490729,-0.288884",1.29,14,6,2,1,326,74,13,2,6,2,0,5,9,0.40,0.11,0.51,1.83,438,163,163,30,42,1,7,20,2,1,0,6,60,14,1,8,4,43,27,46,16,36,8,57,0.84,14,5,1,1,319,77,11,3,7,2,0,12,2,0.56,0.28,0.84,0.94,412,204,115,19,37,4,31,19,0,2,1,8,67,15,2,24,4,60,32,54,28,64,7,70,100042,,
https://www.fotmob.com/en-GB/matches/crystal-palace-vs-manchester-united/3c42bz3610305,Crystal Palace,,Manchester United,,2022-05-22T15:00:00.000Z,Selhurst Park,Martin Atkinson,"25,434",Premier League Round 38 2021/2022,38,62,"https://www.google.com/maps/?q=51.398279,-0.085503",0.63,6,3,0,0,238,73,12,3,3,0,0,5,1,0.44,0.19,0.63,0.61,327,132,106,19,36,4,36,21,2,2,0,3,38,9,3,20,4,44,36,51,8,44,6,33,0.75,10,4,1,1,437,83,22,6,2,4,0,6,4,0.51,0.25,0.75,0.25,526,232,205,32,63,3,14,27,4,4,0,10,59,12,0,11,2,45,35,49,10,56,6,75,100043,,
https://www.fotmob.com/en-GB/matches/crystal-palace-vs-manchester-united/3c42bz3610305,Manchester United,,Crystal Palace,,2022-05-22T15:00:00.000Z,Selhurst Park,Martin Atkinson,"25,434",Premier League Round 38 2021/2022,62,38,"https://www.google.com/maps/?q=51.398279,-0.085503",0.75,10,4,1,1,437,83,22,6,2,4,0,6,4,0.51,0.25,0.75,0.25,526,232,205,32,63,3,14,27,4,4,0,10,59,12,0,11,2,45,35,49,10,56,6,75,0.63,6,3,0,0,238,73,12,3,3,0,0,5,1,0.44,0.19,0.63,0.61,327,132,106,19,36,4,36,21,2,2,0,3,38,9,3,20,4,44,36,51,8,44,6,33,100043,,
https://www.fotmob.com/en-GB/matches/tottenham-hotspur-vs-norwich-city/2t6vlw3610309,Norwich City,,Tottenham Hotspur,,2022-05-22T15:00:00.000Z,Carrow Road,Chris Kavanagh,"27,022",Premier League Round 38 2021/2022,40,60,"https://www.google.com/maps/?q=52.622091,1.309122",0.45,9,0,0,0,321,80,13,3,5,4,0,6,3,0.43,0.03,0.45,0.00,402,203,118,33,50,4,29,17,0,3,0,12,86,11,3,7,7,28,22,42,6,38,2,33,3.53,19,13,7,4,551,90,7,2,4,2,0,14,5,3.44,0.09,3.53,4.32,614,303,248,20,50,3,50,16,4,1,0,5,63,9,4,12,0,41,31,58,10,63,10,56,100044,,
https://www.fotmob.com/en-GB/matches/tottenham-hotspur-vs-norwich-city/2t6vlw3610309,Tottenham Hotspur,,Norwich City,,2022-05-22T15:00:00.000Z,Carrow Road,Chris Kavanagh,"27,022",Premier League Round 38 2021/2022,60,40,"https://www.google.com/maps/?q=52.622091,1.309122",3.53,19,13,7,4,551,90,7,2,4,2,0,14,5,3.44,0.09,3.53,4.32,614,303,248,20,50,3,50,16,4,1,0,5,63,9,4,12,0,41,31,58,10,63,10,56,0.45,9,0,0,0,321,80,13,3,5,4,0,6,3,0.43,0.03,0.45,0.00,402,203,118,33,50,4,29,17,0,3,0,12,86,11,3,7,7,28,22,42,6,38,2,33,100044,,
https://www.fotmob.com/en-GB/matches/leicester-city-vs-watford/2om11m3610292,Watford,,Leicester City,,2022-05-15T13:00:00.000Z,Vicarage Road,Jarred Gillett,"20,257",Premier League Round 37 2021/2022,40,60,"https://www.google.com/maps/?q=51.649907,-0.401629",1.42,13,5,4,4,273,78,4,7,8,0,1,11,2,0.76,0.66,1.42,1.42,351,125,148,28,50,9,38,19,3,0,0,10,53,16,0,10,2,50,37,51,13,41,12,60,2.51,13,7,5,1,449,85,6,3,6,0,0,10,3,2.44,0.07,2.51,3.25,526,259,190,28,52,4,19,23,2,1,0,14,54,7,0,19,4,54,35,49,19,59,5,38,100045,,
https://www.fotmob.com/en-GB/matches/leicester-city-vs-watford/2om11m3610292,Leicester City,,Watford,,2022-05-15T13:00:00.000Z,Vicarage Road,Jarred Gillett,"20,257",Premier League Round 37 2021/2022,60,40,"https://www.google.com/maps/?q=51.649907,-0.401629",2.51,13,7,5,1,449,85,6,3,6,0,0,10,3,2.44,0.07,2.51,3.25,526,259,190,28,52,4,19,23,2,1,0,14,54,7,0,19,4,54,35,49,19,59,5,38,1.42,13,5,4,4,273,78,4,7,8,0,1,11,2,0.76,0.66,1.42,1.42,351,125,148,28,50,9,38,19,3,0,0,10,53,16,0,10,2,50,37,51,13,41,12,60,100045,,
https://www.fotmob.com/en-GB/matches/arsenal-vs-newcastle-united/3c42by3610295,Newcastle United,,Arsenal,,2022-05-16T19:00:00.000Z,St. James' Park,Darren England,"52,274",Premier League Round 37 2021/2022,51,49,"https://www.google.com/maps/?q=54.97554,-1.621621",1.61,16,4,3,2,260,80,11,12,7,5,0,10,6,1.49,0.12,1.61,2.36,325,103,157,26,50,6,19,21,6,0,0,13,72,8,5,17,2,57,39,57,18,67,13,72,0.56,11,2,0,0,258,78,8,8,4,5,0,5,6,0.38,0.18,0.56,0.14,331,126,132,18,38,4,27,13,1,3,0,8,53,4,5,27,3,39,30,43,9,33,4,33,100046,,
https://www.fotmob.com/en-GB/matches/arsenal-vs-newcastle-united/3c42by3610295,Arsenal,,Newcastle United,,2022-05-16T19:00:00.000Z,St. James' Park,Darren England,"52,274",Premier League Round 37 2021/2022,49,51,"https://www.google.com/maps/?q=54.97554,-1.621621",0.56,11,2,0,0,258,78,8,8,4,5,0,5,6,0.38,0.18,0.56,0.14,331,126,132,18,38,4,27,13,1,3,0,8,53,4,5,27,3,39,30,43,9,33,4,33,1.61,16,4,3,2,260,80,11,12,7,5,0,10,6,1.49,0.12,1.61,2.36,325,103,157,26,50,6,19,21,6,0,0,13,72,8,5,17,2,57,39,57,18,67,13,72,100046,,
https://www.fotmob.com/en-GB/matches/leicester-city-vs-chelsea/2ajzrp3610193,Chelsea,,Leicester City,,2022-05-19T19:00:00.000Z,Stamford Bridge,Stuart Attwell,"31,478",Premier League Round 27 2021/2022,67,33,"https://www.google.com/maps/?q=51.481712,-0.190975",1.63,20,7,3,2,695,93,13,6,5,8,0,10,10,1.24,0.39,1.63,1.48,750,260,435,21,51,6,23,21,1,4,0,5,50,11,0,5,0,44,33,48,11,58,16,76,0.08,2,1,0,0,293,79,7,0,1,0,0,0,2,0.08,0.00,0.08,0.17,370,195,98,14,29,1,25,11,1,1,0,8,44,12,8,31,6,44,36,52,8,42,5,63,100047,,
https://www.fotmob.com/en-GB/matches/leicester-city-vs-chelsea/2ajzrp3610193,Leicester City,,Chelsea,,2022-05-19T19:00:00.000Z,Stamford Bridge,Stuart Attwell,"31,478",Premier League Round 27 2021/2022,33,67,"https://www.google.com/maps/?q=51.481712,-0.190975",0.08,2,1,0,0,293,79,7,0,1,0,0,0,2,0.08,0.00,0.08,0.17,370,195,98,14,29,1,25,11,1,1,0,8,44,12,8,31,6,44,36,52,8,42,5,63,1.63,20,7,3,2,695,93,13,6,5,8,0,10,10,1.24,0.39,1.63,1.48,750,260,435,21,51,6,23,21,1,4,0,5,50,11,0,5,0,44,33,48,11,58,16,76,100047,,
https://www.fotmob.com/en-GB/matches/manchester-city-vs-newcastle-united/2waqez3610281,Manchester City,,Newcastle United,,2022-05-08T15:30:00.000Z,Etihad Stadium,Stuart Attwell,"53,336",Premier League Round 36 2021/2022,71,29,"https://www.google.com/maps/?q=53.483152,-2.200409",3.18,21,9,8,3,645,91,6,8,8,4,0,14,7,2.18,1.00,3.18,4.35,712,275,370,27,56,4,21,12,1,1,0,5,63,5,0,10,3,49,28,47,21,64,9,56,0.82,7,3,3,3,216,77,11,2,3,1,0,5,2,0.67,0.14,0.82,1.12,281,110,106,27,46,3,27,9,4,3,0,9,47,7,4,21,4,43,31,53,12,36,6,55,100048,,
https://www.fotmob.com/en-GB/matches/manchester-city-vs-newcastle-united/2waqez3610281,Newcastle United,,Manchester City,,2022-05-08T15:30:00.000Z,Etihad Stadium,Stuart Attwell,"53,336",Premier League Round 36 2021/2022,29,71,"https://www.google.com/maps/?q=53.483152,-2.200409",0.82,7,3,3,3,216,77,11,2,3,1,0,5,2,0.67,0.14,0.82,1.12,281,110,106,27,46,3,27,9,4,3,0,9,47,7,4,21,4,43,31,53,12,36,6,55,3.18,21,9,8,3,645,91,6,8,8,4,0,14,7,2.18,1.00,3.18,4.35,712,275,370,27,56,4,21,12,1,1,0,5,63,5,0,10,3,49,28,47,21,64,9,56,100048,,
https://www.fotmob.com/en-GB/matches/everton-vs-watford/2tq9kg3610228,Watford,,Everton,,2022-05-11T18:45:00.000Z,Vicarage Road,Mike Dean,"20,653",Premier League Round 30 2021/2022,48,52,"https://www.google.com/maps/?q=51.649907,-0.401629",0.30,6,0,0,0,385,82,5,1,5,1,0,3,3,0.00,0.30,0.30,0.00,470,215,170,25,42,3,30,12,1,1,0,10,67,12,7,19,5,65,44,53,21,45,17,61,1.06,16,5,0,0,386,79,12,13,4,7,0,11,5,0.66,0.40,1.06,0.89,488,171,215,31,44,11,38,17,1,2,0,17,68,11,1,12,0,65,39,47,26,55,10,59,100049,,
https://www.fotmob.com/en-GB/matches/everton-vs-watford/2tq9kg3610228,Everton,,Watford,,2022-05-11T18:45:00.000Z,Vicarage Road,Mike Dean,"20,653",Premier League Round 30 2021/2022,52,48,"https://www.google.com/maps/?q=51.649907,-0.401629",1.06,16,5,0,0,386,79,12,13,4,7,0,11,5,0.66,0.40,1.06,0.89,488,171,215,31,44,11,38,17,1,2,0,17,68,11,1,12,0,65,39,47,26,55,10,59,0.30,6,0,0,0,385,82,5,1,5,1,0,3,3,0.00,0.30,0.30,0.00,470,215,170,25,42,3,30,12,1,1,0,10,67,12,7,19,5,65,44,53,21,45,17,61,100049,,
https://www.fotmob.com/en-GB/matches/leicester-city-vs-tottenham-hotspur/2buxqa3610273,Tottenham Hotspur,,Leicester City,,2022-05-01T13:00:00.000Z,Tottenham Hotspur Stadium,Jonathan Moss,"59,482",Premier League Round 35 2021/2022,39,61,"https://www.google.com/maps/?q=51.603249,-0.065773",1.23,13,7,3,2,325,80,13,6,4,2,0,10,3,0.96,0.27,1.23,2.08,404,187,138,27,55,6,35,16,2,2,0,14,70,15,1,22,1,57,39,51,18,72,11,52,0.50,6,2,0,0,542,86,8,3,3,1,1,3,3,0.50,0.00,0.50,0.69,627,275,267,17,44,4,19,20,0,3,0,9,56,6,2,10,4,44,37,49,7,28,8,50,100050,,
https://www.fotmob.com/en-GB/matches/leicester-city-vs-tottenham-hotspur/2buxqa3610273,Leicester City,,Tottenham Hotspur,,2022-05-01T13:00:00.000Z,Tottenham Hotspur Stadium,Jonathan Moss,"59,482",Premier League Round 35 2021/2022,61,39,"https://www.google.com/maps/?q=51.603249,-0.065773",0.50,6,2,0,0,542,86,8,3,3,1,1,3,3,0.50,0.00,0.50,0.69,627,275,267,17,44,4,19,20,0,3,0,9,56,6,2,10,4,44,37,49,7,28,8,50,1.23,13,7,3,2,325,80,13,6,4,2,0,10,3,0.96,0.27,1.23,2.08,404,187,138,27,55,6,35,16,2,2,0,14,70,15,1,22,1,57,39,51,18,72,11,52,100050,,
https://www.fotmob.com/en-GB/matches/burnley-vs-aston-villa/2t9lxd3610286,Burnley,,Aston Villa,,2022-05-07T14:00:00.000Z,Turf Moor,David Coote,"20,891",Premier League Round 36 2021/2022,49,51,"https://www.google.com/maps/?q=53.788984,-2.230225",1.90,14,6,1,0,331,78,13,4,7,1,0,9,5,1.62,0.28,1.90,1.57,424,194,137,40,60,4,27,18,1,1,0,6,38,8,3,10,4,50,34,52,16,48,8,67,2.07,12,7,3,1,356,80,11,5,2,3,0,8,4,2.02,0.05,2.07,1.88,446,201,155,31,44,4,31,21,2,2,0,6,46,7,1,16,5,49,32,48,17,52,6,38,100051,,
https://www.fotmob.com/en-GB/matches/burnley-vs-aston-villa/2t9lxd3610286,Aston Villa,,Burnley,,2022-05-07T14:00:00.000Z,Turf Moor,David Coote,"20,891",Premier League Round 36 2021/2022,51,49,"https://www.google.com/maps/?q=53.788984,-2.230225",2.07,12,7,3,1,356,80,11,5,2,3,0,8,4,2.02,0.05,2.07,1.88,446,201,155,31,44,4,31,21,2,2,0,6,46,7,1,16,5,49,32,48,17,52,6,38,1.90,14,6,1,0,331,78,13,4,7,1,0,9,5,1.62,0.28,1.90,1.57,424,194,137,40,60,4,27,18,1,1,0,6,38,8,3,10,4,50,34,52,16,48,8,67,100051,,
https://www.fotmob.com/en-GB/matches/tottenham-hotspur-vs-liverpool/2gg3ek3610282,Liverpool,,Tottenham Hotspur,,2022-05-07T18:45:00.000Z,Anfield,Michael Oliver,"53,177",Premier League Round 36 2021/2022,65,35,"https://www.google.com/maps/?q=53.430828,-2.960853",1.33,22,3,0,0,530,86,12,11,6,13,1,9,13,0.75,0.57,1.33,0.41,618,147,383,32,63,10,22,19,0,3,0,11,58,4,3,12,2,47,32,44,15,56,6,55,0.90,8,3,1,0,253,75,8,5,2,3,1,5,3,0.90,0.00,0.90,0.67,338,162,91,25,46,5,29,20,0,2,0,12,60,13,13,51,2,53,41,56,12,44,9,45,100052,,
https://www.fotmob.com/en-GB/matches/tottenham-hotspur-vs-liverpool/2gg3ek3610282,Tottenham Hotspur,,Liverpool,,2022-05-07T18:45:00.000Z,Anfield,Michael Oliver,"53,177",Premier League Round 36 2021/2022,35,65,"https://www.google.com/maps/?q=53.430828,-2.960853",0.90,8,3,1,0,253,75,8,5,2,3,1,5,3,0.90,0.00,0.90,0.67,338,162,91,25,46,5,29,20,0,2,0,12,60,13,13,51,2,53,41,56,12,44,9,45,1.33,22,3,0,0,530,86,12,11,6,13,1,9,13,0.75,0.57,1.33,0.41,618,147,383,32,63,10,22,19,0,3,0,11,58,4,3,12,2,47,32,44,15,56,6,55,100052,,
https://www.fotmob.com/en-GB/matches/liverpool-vs-everton/2hagld3610262,Liverpool,,Everton,,2022-04-24T15:30:00.000Z,Anfield,Stuart Attwell,"53,213",Premier League Round 34 2021/2022,82,18,"https://www.google.com/maps/?q=53.430828,-2.960853",2.07,18,4,2,0,701,89,8,13,11,3,0,12,6,0.98,1.09,2.07,1.06,787,226,475,37,70,8,22,29,1,2,0,10,67,4,4,7,1,41,28,44,13,54,6,33,0.40,9,1,0,0,95,55,8,1,4,4,0,5,4,0.31,0.09,0.40,0.10,173,48,47,16,33,1,25,16,0,5,0,10,50,14,3,37,2,46,35,56,11,46,8,40,100053,,
https://www.fotmob.com/en-GB/matches/liverpool-vs-everton/2hagld3610262,Everton,,Liverpool,,2022-04-24T15:30:00.000Z,Anfield,Stuart Attwell,"53,213",Premier League Round 34 2021/2022,18,82,"https://www.google.com/maps/?q=53.430828,-2.960853",0.40,9,1,0,0,95,55,8,1,4,4,0,5,4,0.31,0.09,0.40,0.10,173,48,47,16,33,1,25,16,0,5,0,10,50,14,3,37,2,46,35,56,11,46,8,40,2.07,18,4,2,0,701,89,8,13,11,3,0,12,6,0.98,1.09,2.07,1.06,787,226,475,37,70,8,22,29,1,2,0,10,67,4,4,7,1,41,28,44,13,54,6,33,100053,,
https://www.fotmob.com/en-GB/matches/norwich-city-vs-aston-villa/3cayfj3610279,Aston Villa,,Norwich City,,2022-04-30T14:00:00.000Z,Villa Park,John Brooks,"40,290",Premier League Round 35 2021/2022,45,55,"https://www.google.com/maps/?q=52.509091,-1.884842",1.82,21,6,2,2,317,80,16,2,8,7,1,16,5,1.59,0.23,1.82,1.71,398,153,164,21,51,4,33,25,3,4,0,19,73,13,0,12,3,53,43,53,10,53,9,60,0.53,9,3,0,0,402,82,8,3,6,0,0,4,5,0.27,0.26,0.53,0.54,491,263,139,40,60,2,20,32,0,1,0,6,50,14,7,8,4,47,38,47,9,47,10,56,100054,,
https://www.fotmob.com/en-GB/matches/norwich-city-vs-aston-villa/3cayfj3610279,Norwich City,,Aston Villa,,2022-04-30T14:00:00.000Z,Villa Park,John Brooks,"40,290",Premier League Round 35 2021/2022,55,45,"https://www.google.com/maps/?q=52.509091,-1.884842",0.53,9,3,0,0,402,82,8,3,6,0,0,4,5,0.27,0.26,0.53,0.54,491,263,139,40,60,2,20,32,0,1,0,6,50,14,7,8,4,47,38,47,9,47,10,56,1.82,21,6,2,2,317,80,16,2,8,7,1,16,5,1.59,0.23,1.82,1.71,398,153,164,21,51,4,33,25,3,4,0,19,73,13,0,12,3,53,43,53,10,53,9,60,100054,,
https://www.fotmob.com/en-GB/matches/manchester-city-vs-leeds-united/2d82033610277,Leeds United,,Manchester City,,2022-04-30T16:30:00.000Z,Elland Road,Paul Tierney,"35,771",Premier League Round 35 2021/2022,41,59,"https://www.google.com/maps/?q=53.777834,-1.572279",1.30,7,2,2,2,329,78,13,3,1,4,0,7,0,1.30,0.00,1.30,0.40,421,241,88,19,44,3,19,26,3,1,0,13,45,3,7,12,2,46,37,45,9,43,5,63,2.50,19,6,5,2,547,89,3,6,6,7,0,13,6,1.94,0.56,2.50,2.16,617,301,246,31,60,5,28,20,1,2,0,4,44,9,5,22,1,57,45,55,12,57,23,56,100055,,
https://www.fotmob.com/en-GB/matches/manchester-city-vs-leeds-united/2d82033610277,Manchester City,,Leeds United,,2022-04-30T16:30:00.000Z,Elland Road,Paul Tierney,"35,771",Premier League Round 35 2021/2022,59,41,"https://www.google.com/maps/?q=53.777834,-1.572279",2.50,19,6,5,2,547,89,3,6,6,7,0,13,6,1.94,0.56,2.50,2.16,617,301,246,31,60,5,28,20,1,2,0,4,44,9,5,22,1,57,45,55,12,57,23,56,1.30,7,2,2,2,329,78,13,3,1,4,0,7,0,1.30,0.00,1.30,0.40,421,241,88,19,44,3,19,26,3,1,0,13,45,3,7,12,2,46,37,45,9,43,5,63,100055,,
https://www.fotmob.com/en-GB/matches/crystal-palace-vs-newcastle-united/3c4hty3610225,Newcastle United,,Crystal Palace,,2022-04-20T18:45:00.000Z,St. James' Park,Tony Harrington,"51,938",Premier League Round 30 2021/2022,36,64,"https://www.google.com/maps/?q=54.97554,-1.621621",0.87,13,4,0,0,261,75,12,2,3,6,0,9,4,0.56,0.32,0.87,1.12,347,128,133,20,39,1,17,26,2,1,0,12,67,14,2,22,2,65,44,54,21,51,14,56,0.46,10,2,0,0,490,83,12,5,6,2,0,9,1,0.40,0.07,0.46,0.22,589,299,191,27,40,6,29,20,3,1,0,10,50,7,6,14,3,57,37,46,20,49,5,36,100056,,
https://www.fotmob.com/en-GB/matches/crystal-palace-vs-newcastle-united/3c4hty3610225,Crystal Palace,,Newcastle United,,2022-04-20T18:45:00.000Z,St. James' Park,Tony Harrington,"51,938",Premier League Round 30 2021/2022,64,36,"https://www.google.com/maps/?q=54.97554,-1.621621",0.46,10,2,0,0,490,83,12,5,6,2,0,9,1,0.40,0.07,0.46,0.22,589,299,191,27,40,6,29,20,3,1,0,10,50,7,6,14,3,57,37,46,20,49,5,36,0.87,13,4,0,0,261,75,12,2,3,6,0,9,4,0.56,0.32,0.87,1.12,347,128,133,20,39,1,17,26,2,1,0,12,67,14,2,22,2,65,44,54,21,51,14,56,100056,,
https://www.fotmob.com/en-GB/matches/leicester-city-vs-aston-villa/2tbzby3610263,Leicester City,,Aston Villa,,2022-04-23T14:00:00.000Z,King Power Stadium,Andy Madley,"32,185",Premier League Round 34 2021/2022,64,36,"https://www.google.com/maps/?q=52.620377,-1.14231",0.30,5,2,0,0,444,85,15,7,3,0,0,1,4,0.21,0.09,0.30,0.68,520,262,182,14,42,1,4,28,0,3,0,7,54,6,4,10,3,44,34,47,10,50,5,50,0.86,11,3,0,0,198,69,16,6,4,4,0,7,4,0.66,0.20,0.86,0.13,289,92,106,17,31,3,20,23,1,2,0,12,80,8,0,23,2,49,39,53,10,50,10,71,100057,,
https://www.fotmob.com/en-GB/matches/leicester-city-vs-aston-villa/2tbzby3610263,Aston Villa,,Leicester City,,2022-04-23T14:00:00.000Z,King Power Stadium,Andy Madley,"32,185",Premier League Round 34 2021/2022,36,64,"https://www.google.com/maps/?q=52.620377,-1.14231",0.86,11,3,0,0,198,69,16,6,4,4,0,7,4,0.66,0.20,0.86,0.13,289,92,106,17,31,3,20,23,1,2,0,12,80,8,0,23,2,49,39,53,10,50,10,71,0.30,5,2,0,0,444,85,15,7,3,0,0,1,4,0.21,0.09,0.30,0.68,520,262,182,14,42,1,4,28,0,3,0,7,54,6,4,10,3,44,34,47,10,50,5,50,100057,,
https://www.fotmob.com/en-GB/matches/west-ham-united-vs-brentford/2uwdxd3610247,Brentford,,West Ham United,,2022-04-10T13:00:00.000Z,Brentford Community Stadium,Martin Atkinson,"17,032",Premier League Round 32 2021/2022,47,53,"https://www.google.com/maps/?q=51.490729,-0.288884",1.42,15,7,2,1,398,83,2,4,3,5,0,12,3,1.38,0.05,1.42,1.71,477,248,150,31,56,3,14,20,1,0,0,5,45,10,1,16,1,32,17,46,15,54,1,13,0.31,5,1,0,0,455,84,6,6,3,1,0,3,2,0.06,0.25,0.31,0.03,540,244,211,26,44,3,16,13,2,1,0,4,40,10,5,33,5,33,20,54,13,46,8,50,100058,,
https://www.fotmob.com/en-GB/matches/west-ham-united-vs-brentford/2uwdxd3610247,West Ham United,,Brentford,,2022-04-10T13:00:00.000Z,Brentford Community Stadium,Martin Atkinson,"17,032",Premier League Round 32 2021/2022,53,47,"https://www.google.com/maps/?q=51.490729,-0.288884",0.31,5,1,0,0,455,84,6,6,3,1,0,3,2,0.06,0.25,0.31,0.03,540,244,211,26,44,3,16,13,2,1,0,4,40,10,5,33,5,33,20,54,13,46,8,50,1.42,15,7,2,1,398,83,2,4,3,5,0,12,3,1.38,0.05,1.42,1.71,477,248,150,31,56,3,14,20,1,0,0,5,45,10,1,16,1,32,17,46,15,54,1,13,100058,,
https://www.fotmob.com/en-GB/matches/tottenham-hotspur-vs-brighton-hove-albion/2x42vj3610253,Tottenham Hotspur,,Brighton & Hove Albion,,2022-04-16T11:30:00.000Z,Tottenham Hotspur Stadium,Craig Pawson,"58,685",Premier League Round 33 2021/2022,49,51,"https://www.google.com/maps/?q=51.603249,-0.065773",0.50,5,0,1,1,393,82,14,4,3,2,0,3,2,0.38,0.13,0.50,0.00,480,279,114,17,31,0,0,23,0,3,0,8,53,8,3,16,3,51,34,49,17,53,9,60,0.62,12,5,1,0,419,84,10,4,5,2,0,8,4,0.42,0.21,0.62,1.22,499,197,222,21,35,3,19,17,3,3,0,10,59,9,2,12,0,51,36,51,15,47,6,67,100059,,
https://www.fotmob.com/en-GB/matches/tottenham-hotspur-vs-brighton-hove-albion/2x42vj3610253,Brighton & Hove Albion,,Tottenham Hotspur,,2022-04-16T11:30:00.000Z,Tottenham Hotspur Stadium,Craig Pawson,"58,685",Premier League Round 33 2021/2022,51,49,"https://www.google.com/maps/?q=51.603249,-0.065773",0.62,12,5,1,0,419,84,10,4,5,2,0,8,4,0.42,0.21,0.62,1.22,499,197,222,21,35,3,19,17,3,3,0,10,59,9,2,12,0,51,36,51,15,47,6,67,0.50,5,0,1,1,393,82,14,4,3,2,0,3,2,0.38,0.13,0.50,0.00,480,279,114,17,31,0,0,23,0,3,0,8,53,8,3,16,3,51,34,49,17,53,9,60,100059,,
https://www.fotmob.com/en-GB/matches/leicester-city-vs-newcastle-united/2tfjhg3610255,Newcastle United,,Leicester City,,2022-04-17T13:15:00.000Z,St. James' Park,Jarred Gillett,"52,104",Premier League Round 33 2021/2022,31,69,"https://www.google.com/maps/?q=54.97554,-1.621621",1.80,16,7,3,1,169,64,10,3,8,1,0,10,6,0.87,0.93,1.80,2.51,264,66,103,19,32,4,44,25,1,2,0,14,54,16,4,18,1,67,47,55,20,61,12,60,0.64,8,2,0,0,490,84,10,5,2,4,0,5,3,0.43,0.21,0.64,0.17,584,287,203,31,52,3,21,27,0,2,0,17,77,7,0,12,5,51,38,45,13,39,6,32,100060,,
https://www.fotmob.com/en-GB/matches/leicester-city-vs-newcastle-united/2tfjhg3610255,Leicester City,,Newcastle United,,2022-04-17T13:15:00.000Z,St. James' Park,Jarred Gillett,"52,104",Premier League Round 33 2021/2022,69,31,"https://www.google.com/maps/?q=54.97554,-1.621621",0.64,8,2,0,0,490,84,10,5,2,4,0,5,3,0.43,0.21,0.64,0.17,584,287,203,31,52,3,21,27,0,2,0,17,77,7,0,12,5,51,38,45,13,39,6,32,1.80,16,7,3,1,169,64,10,3,8,1,0,10,6,0.87,0.93,1.80,2.51,264,66,103,19,32,4,44,25,1,2,0,14,54,16,4,18,1,67,47,55,20,61,12,60,100060,,
https://www.fotmob.com/en-GB/matches/arsenal-vs-crystal-palace/36ytc83610236,Crystal Palace,,Arsenal,,2022-04-04T19:00:00.000Z,Selhurst Park,Paul Tierney,"25,149",Premier League Round 31 2021/2022,31,69,"https://www.google.com/maps/?q=51.398279,-0.085503",1.51,6,5,3,0,208,71,11,0,1,0,0,3,3,0.31,0.41,0.72,1.96,293,129,79,25,38,1,17,17,2,0,0,8,44,10,1,16,3,52,41,55,11,52,9,60,0.84,12,3,2,2,557,86,15,2,8,1,1,6,6,0.71,0.13,0.84,0.91,647,264,293,14,35,3,33,30,4,2,0,9,56,8,0,5,2,44,34,45,10,48,8,53,100061,,
https://www.fotmob.com/en-GB/matches/arsenal-vs-crystal-palace/36ytc83610236,Arsenal,,Crystal Palace,,2022-04-04T19:00:00.000Z,Selhurst Park,Paul Tierney,"25,149",Premier League Round 31 2021/2022,69,31,"https://www.google.com/maps/?q=51.398279,-0.085503",0.84,12,3,2,2,557,86,15,2,8,1,1,6,6,0.71,0.13,0.84,0.91,647,264,293,14,35,3,33,30,4,2,0,9,56,8,0,5,2,44,34,45,10,48,8,53,1.51,6,5,3,0,208,71,11,0,1,0,0,3,3,0.31,0.41,0.72,1.96,293,129,79,25,38,1,17,17,2,0,0,8,44,10,1,16,3,52,41,55,11,52,9,60,100061,,
https://www.fotmob.com/en-GB/matches/arsenal-vs-brighton-hove-albion/3bfk5g3610249,Arsenal,,Brighton & Hove Albion,,2022-04-09T14:00:00.000Z,Emirates Stadium,David Coote,"60,112",Premier League Round 32 2021/2022,65,35,"https://www.google.com/maps/?q=51.555075,-0.108458",1.91,20,4,3,3,426,83,12,11,5,11,2,13,7,0.63,1.28,1.91,0.71,512,198,228,24,52,5,22,17,2,3,0,6,67,6,0,7,1,41,32,47,9,36,6,50,0.58,8,3,1,0,202,71,19,2,4,1,0,2,6,0.55,0.03,0.58,1.35,283,116,86,13,22,1,10,19,2,4,0,13,62,16,10,28,3,52,36,53,16,64,5,63,100062,39,9
https://www.fotmob.com/en-GB/matches/arsenal-vs-brighton-hove-albion/3bfk5g3610249,Brighton & Hove Albion,,Arsenal,,2022-04-09T14:00:00.000Z,Emirates Stadium,David Coote,"60,112",Premier League Round 32 2021/2022,35,65,"https://www.google.com/maps/?q=51.555075,-0.108458",0.58,8,3,1,0,202,71,19,2,4,1,0,2,6,0.55,0.03,0.58,1.35,283,116,86,13,22,1,10,19,2,4,0,13,62,16,10,28,3,52,36,53,16,64,5,63,1.91,20,4,3,3,426,83,12,11,5,11,2,13,7,0.63,1.28,1.91,0.71,512,198,228,24,52,5,22,17,2,3,0,6,67,6,0,7,1,41,32,47,9,36,6,50,100062,9,39
https://www.fotmob.com/en-GB/matches/everton-vs-arsenal/2ttfpg3610300,Arsenal,,Everton,,2022-05-22T15:00:00.000Z,Emirates Stadium,Andre Marriner,"60,201",Premier League Round 38 2021/2022,74,26,"https://www.google.com/maps/?q=51.555075,-0.108458",4.35,26,9,5,2,582,90,8,12,8,9,0,17,9,1.74,1.82,3.56,2.76,647,208,374,18,62,5,20,12,2,0,0,6,50,5,1,12,1,34,26,41,8,35,7,41,1.13,6,2,2,1,152,65,9,2,3,1,0,3,3,1.13,0.00,1.13,1.00,234,77,75,18,34,1,17,13,0,1,0,8,38,1,7,30,4,52,37,59,15,65,8,67,100063,,
https://www.fotmob.com/en-GB/matches/everton-vs-arsenal/2ttfpg3610300,Everton,,Arsenal,,2022-05-22T15:00:00.000Z,Emirates Stadium,Andre Marriner,"60,201",Premier League Round 38 2021/2022,26,74,"https://www.google.com/maps/?q=51.555075,-0.108458",1.13,6,2,2,1,152,65,9,2,3,1,0,3,3,1.13,0.00,1.13,1.00,234,77,75,18,34,1,17,13,0,1,0,8,38,1,7,30,4,52,37,59,15,65,8,67,4.35,26,9,5,2,582,90,8,12,8,9,0,17,9,1.74,1.82,3.56,2.76,647,208,374,18,62,5,20,12,2,0,0,6,50,5,1,12,1,34,26,41,8,35,7,41,100063,,
https://www.fotmob.com/en-GB/matches/chelsea-vs-watford/2recy13610304,Chelsea,,Watford,,2022-05-22T15:00:00.000Z,Stamford Bridge,Mike Dean,"32,089",Premier League Round 38 2021/2022,72,28,"https://www.google.com/maps/?q=51.481712,-0.190975",2.26,19,8,4,2,665,91,9,3,6,5,1,12,7,2.21,0.04,2.26,2.98,734,295,370,36,72,3,23,20,0,0,0,16,50,9,3,12,2,61,46,53,15,63,6,35,0.81,8,3,2,1,209,74,9,3,2,3,0,3,5,0.70,0.11,0.81,1.54,281,108,101,21,44,4,36,11,2,0,0,13,52,14,4,16,6,49,40,47,9,38,7,33,100064,,
https://www.fotmob.com/en-GB/matches/chelsea-vs-watford/2recy13610304,Watford,,Chelsea,,2022-05-22T15:00:00.000Z,Stamford Bridge,Mike Dean,"32,089",Premier League Round 38 2021/2022,28,72,"https://www.google.com/maps/?q=51.481712,-0.190975",0.81,8,3,2,1,209,74,9,3,2,3,0,3,5,0.70,0.11,0.81,1.54,281,108,101,21,44,4,36,11,2,0,0,13,52,14,4,16,6,49,40,47,9,38,7,33,2.26,19,8,4,2,665,91,9,3,6,5,1,12,7,2.21,0.04,2.26,2.98,734,295,370,36,72,3,23,20,0,0,0,16,50,9,3,12,2,61,46,53,15,63,6,35,100064,,
https://www.fotmob.com/en-GB/matches/manchester-city-vs-aston-villa/2w74gq3610308,Manchester City,,Aston Villa,,2022-05-22T15:00:00.000Z,Etihad Stadium,Michael Oliver,"53,395",Premier League Round 38 2021/2022,72,28,"https://www.google.com/maps/?q=53.483152,-2.200409",3.36,24,5,3,1,529,88,5,13,10,9,0,18,6,2.96,0.39,3.36,2.22,601,176,353,40,73,7,20,30,1,0,0,5,45,5,1,9,0,60,36,60,24,57,15,75,0.24,4,2,2,1,163,67,11,1,1,1,0,3,1,0.24,0.00,0.24,0.65,243,114,49,24,36,2,40,14,2,2,0,9,53,11,9,30,2,42,24,40,18,43,2,33,100065,,
https://www.fotmob.com/en-GB/matches/manchester-city-vs-aston-villa/2w74gq3610308,Aston Villa,,Manchester City,,2022-05-22T15:00:00.000Z,Etihad Stadium,Michael Oliver,"53,395",Premier League Round 38 2021/2022,28,72,"https://www.google.com/maps/?q=53.483152,-2.200409",0.24,4,2,2,1,163,67,11,1,1,1,0,3,1,0.24,0.00,0.24,0.65,243,114,49,24,36,2,40,14,2,2,0,9,53,11,9,30,2,42,24,40,18,43,2,33,3.36,24,5,3,1,529,88,5,13,10,9,0,18,6,2.96,0.39,3.36,2.22,601,176,353,40,73,7,20,30,1,0,0,5,45,5,1,9,0,60,36,60,24,57,15,75,100065,,
https://www.fotmob.com/en-GB/matches/leeds-united-vs-brighton-hove-albion/2vqp9d3610297,Leeds United,,Brighton & Hove Albion,,2022-05-15T13:00:00.000Z,Elland Road,Mike Dean,"36,638",Premier League Round 37 2021/2022,50,50,"https://www.google.com/maps/?q=53.777834,-1.572279",1.67,19,5,3,2,276,70,16,8,10,4,0,14,5,1.08,0.60,1.67,1.07,394,155,121,21,30,8,35,24,1,3,0,7,54,11,2,7,5,39,26,39,13,37,6,75,2.30,15,6,4,3,298,74,8,1,7,2,0,12,3,2.22,0.07,2.30,0.80,403,118,180,28,38,5,56,21,1,2,0,5,38,9,4,24,3,62,40,61,22,63,11,79,100066,,
https://www.fotmob.com/en-GB/matches/leeds-united-vs-brighton-hove-albion/2vqp9d3610297,Brighton & Hove Albion,,Leeds United,,2022-05-15T13:00:00.000Z,Elland Road,Mike Dean,"36,638",Premier League Round 37 2021/2022,50,50,"https://www.google.com/maps/?q=53.777834,-1.572279",2.30,15,6,4,3,298,74,8,1,7,2,0,12,3,2.22,0.07,2.30,0.80,403,118,180,28,38,5,56,21,1,2,0,5,38,9,4,24,3,62,40,61,22,63,11,79,1.67,19,5,3,2,276,70,16,8,10,4,0,14,5,1.08,0.60,1.67,1.07,394,155,121,21,30,8,35,24,1,3,0,7,54,11,2,7,5,39,26,39,13,37,6,75,100066,,
https://www.fotmob.com/en-GB/matches/everton-vs-brentford/2v1yu43610298,Everton,,Brentford,,2022-05-15T15:30:00.000Z,Goodison Park,Michael Oliver,"38,819",Premier League Round 37 2021/2022,28,72,"https://www.google.com/maps/?q=53.438822,-2.966298",2.19,10,5,4,2,143,67,8,5,5,0,0,7,3,0.60,0.80,1.40,3.26,212,56,87,32,52,6,30,11,2,0,2,2,40,10,2,23,4,31,17,36,14,50,5,31,1.57,18,7,3,2,500,85,8,2,10,1,0,13,5,1.15,0.42,1.57,1.77,586,231,269,44,62,10,43,22,1,3,0,3,21,6,0,9,3,44,30,64,14,50,8,100,100067,,
https://www.fotmob.com/en-GB/matches/everton-vs-brentford/2v1yu43610298,Brentford,,Everton,,2022-05-15T15:30:00.000Z,Goodison Park,Michael Oliver,"38,819",Premier League Round 37 2021/2022,72,28,"https://www.google.com/maps/?q=53.438822,-2.966298",1.57,18,7,3,2,500,85,8,2,10,1,0,13,5,1.15,0.42,1.57,1.77,586,231,269,44,62,10,43,22,1,3,0,3,21,6,0,9,3,44,30,64,14,50,8,100,2.19,10,5,4,2,143,67,8,5,5,0,0,7,3,0.60,0.80,1.40,3.26,212,56,87,32,52,6,30,11,2,0,2,2,40,10,2,23,4,31,17,36,14,50,5,31,100067,,
https://www.fotmob.com/en-GB/matches/burnley-vs-aston-villa/2t9lxd3610100,Aston Villa,,Burnley,,2022-05-19T19:00:00.000Z,Villa Park,Paul Tierney,"40,468",Premier League Round 18 2021/2022,71,29,"https://www.google.com/maps/?q=52.509091,-1.884842",1.46,22,9,0,0,529,90,11,13,7,6,0,12,10,1.14,0.33,1.46,1.58,587,249,280,14,40,6,17,17,1,0,0,10,63,3,4,20,3,50,36,63,14,48,1,20,1.60,10,5,2,1,158,68,20,6,2,3,0,7,3,0.66,0.15,0.81,1.63,231,71,87,25,44,4,29,12,0,1,1,6,55,2,6,27,8,36,21,37,15,52,0,0,100068,,
https://www.fotmob.com/en-GB/matches/burnley-vs-aston-villa/2t9lxd3610100,Burnley,,Aston Villa,,2022-05-19T19:00:00.000Z,Villa Park,Paul Tierney,"40,468",Premier League Round 18 2021/2022,29,71,"https://www.google.com/maps/?q=52.509091,-1.884842",1.60,10,5,2,1,158,68,20,6,2,3,0,7,3,0.66,0.15,0.81,1.63,231,71,87,25,44,4,29,12,0,1,1,6,55,2,6,27,8,36,21,37,15,52,0,0,1.46,22,9,0,0,529,90,11,13,7,6,0,12,10,1.14,0.33,1.46,1.58,587,249,280,14,40,6,17,17,1,0,0,10,63,3,4,20,3,50,36,63,14,48,1,20,100068,,
https://www.fotmob.com/en-GB/matches/west-ham-united-vs-norwich-city/2txsqm3610280,Norwich City,,West Ham United,,2022-05-08T13:00:00.000Z,Carrow Road,Robert Jones,"26,428",Premier League Round 36 2021/2022,36,64,"https://www.google.com/maps/?q=52.622091,1.309122",0.78,8,2,1,1,328,85,7,9,2,4,0,3,5,0.63,0.15,0.78,0.77,384,195,133,19,54,1,6,8,2,1,0,7,58,9,4,20,1,34,27,51,7,47,9,90,3.13,13,5,4,2,616,91,7,5,3,5,0,10,3,2.21,0.12,2.34,1.82,679,346,270,37,70,4,22,15,3,1,0,5,42,8,4,15,2,34,26,49,8,53,9,75,100069,,
https://www.fotmob.com/en-GB/matches/west-ham-united-vs-norwich-city/2txsqm3610280,West Ham United,,Norwich City,,2022-05-08T13:00:00.000Z,Carrow Road,Robert Jones,"26,428",Premier League Round 36 2021/2022,64,36,"https://www.google.com/maps/?q=52.622091,1.309122",3.13,13,5,4,2,616,91,7,5,3,5,0,10,3,2.21,0.12,2.34,1.82,679,346,270,37,70,4,22,15,3,1,0,5,42,8,4,15,2,34,26,49,8,53,9,75,0.78,8,2,1,1,328,85,7,9,2,4,0,3,5,0.63,0.15,0.78,0.77,384,195,133,19,54,1,6,8,2,1,0,7,58,9,4,20,1,34,27,51,7,47,9,90,100069,,
https://www.fotmob.com/en-GB/matches/leicester-city-vs-norwich-city/2oys6y3610136,Leicester City,,Norwich City,,2022-05-11T18:45:00.000Z,King Power Stadium,Simon Hooper,"30,892",Premier League Round 21 2021/2022,65,35,"https://www.google.com/maps/?q=52.620377,-1.14231",2.00,20,8,4,3,573,90,10,10,5,7,0,11,9,2.00,0.05,2.00,3.19,640,309,264,41,67,5,15,25,1,0,0,17,71,4,0,11,5,53,38,51,15,75,9,43,1.06,9,5,2,2,285,81,5,2,4,0,1,6,3,0.90,0.16,1.06,0.88,354,180,105,22,48,3,38,18,0,0,0,12,63,5,7,32,5,42,37,49,5,25,8,36,100070,,
https://www.fotmob.com/en-GB/matches/leicester-city-vs-norwich-city/2oys6y3610136,Norwich City,,Leicester City,,2022-05-11T18:45:00.000Z,King Power Stadium,Simon Hooper,"30,892",Premier League Round 21 2021/2022,35,65,"https://www.google.com/maps/?q=52.620377,-1.14231",1.06,9,5,2,2,285,81,5,2,4,0,1,6,3,0.90,0.16,1.06,0.88,354,180,105,22,48,3,38,18,0,0,0,12,63,5,7,32,5,42,37,49,5,25,8,36,2.00,20,8,4,3,573,90,10,10,5,7,0,11,9,2.00,0.05,2.00,3.19,640,309,264,41,67,5,15,25,1,0,0,17,71,4,0,11,5,53,38,51,15,75,9,43,100070,,
https://www.fotmob.com/en-GB/matches/chelsea-vs-everton/2fahgy3610278,Everton,,Chelsea,,2022-05-01T13:00:00.000Z,Goodison Park,Kevin Friend,"39,256",Premier League Round 35 2021/2022,22,78,"https://www.google.com/maps/?q=53.438822,-2.966298",0.81,9,4,2,1,116,59,9,3,4,1,0,6,3,0.70,0.11,0.81,1.07,197,45,71,14,27,2,18,20,0,3,0,10,77,10,5,24,5,44,32,45,12,50,8,57,0.87,17,5,2,2,637,88,12,8,7,5,1,11,6,0.59,0.28,0.87,1.14,720,261,376,16,46,8,30,15,2,5,0,6,33,5,1,17,3,51,39,55,12,50,12,71,100071,,
https://www.fotmob.com/en-GB/matches/chelsea-vs-everton/2fahgy3610278,Chelsea,,Everton,,2022-05-01T13:00:00.000Z,Goodison Park,Kevin Friend,"39,256",Premier League Round 35 2021/2022,78,22,"https://www.google.com/maps/?q=53.438822,-2.966298",0.87,17,5,2,2,637,88,12,8,7,5,1,11,6,0.59,0.28,0.87,1.14,720,261,376,16,46,8,30,15,2,5,0,6,33,5,1,17,3,51,39,55,12,50,12,71,0.81,9,4,2,1,116,59,9,3,4,1,0,6,3,0.70,0.11,0.81,1.07,197,45,71,14,27,2,18,20,0,3,0,10,77,10,5,24,5,44,32,45,12,50,8,57,100071,,
https://www.fotmob.com/en-GB/matches/southampton-vs-brentford/2stunb3610288,Brentford,,Southampton,,2022-05-07T14:00:00.000Z,Brentford Community Stadium,Michael Salisbury,"17,051",Premier League Round 36 2021/2022,40,60,"https://www.google.com/maps/?q=51.490729,-0.288884",2.82,18,5,4,2,231,72,12,4,8,5,0,14,4,1.80,1.02,2.82,1.20,321,102,129,28,42,5,36,16,0,0,0,7,70,15,5,26,4,44,29,46,15,52,10,48,1.37,19,4,0,0,376,80,9,7,10,5,0,12,7,0.99,0.38,1.37,0.85,470,148,228,16,39,8,27,13,2,1,0,5,29,8,5,16,2,48,34,54,14,48,5,56,100072,,
https://www.fotmob.com/en-GB/matches/southampton-vs-brentford/2stunb3610288,Southampton,,Brentford,,2022-05-07T14:00:00.000Z,Brentford Community Stadium,Michael Salisbury,"17,051",Premier League Round 36 2021/2022,60,40,"https://www.google.com/maps/?q=51.490729,-0.288884",1.37,19,4,0,0,376,80,9,7,10,5,0,12,7,0.99,0.38,1.37,0.85,470,148,228,16,39,8,27,13,2,1,0,5,29,8,5,16,2,48,34,54,14,48,5,56,2.82,18,5,4,2,231,72,12,4,8,5,0,14,4,1.80,1.02,2.82,1.20,321,102,129,28,42,5,36,16,0,0,0,7,70,15,5,26,4,44,29,46,15,52,10,48,100072,,
https://www.fotmob.com/en-GB/matches/brighton-hove-albion-vs-manchester-united/3goccs3610287,Brighton & Hove Albion,,Manchester United,,2022-05-07T16:30:00.000Z,The American Express Community Stadium,Andy Madley,"31,637",Premier League Round 36 2021/2022,42,58,"https://www.google.com/maps/?q=50.86158,-0.083642",2.35,17,6,4,2,293,79,13,7,7,4,0,13,4,2.11,0.24,2.35,2.43,373,136,157,20,42,5,25,17,3,0,0,9,82,10,3,18,5,33,24,41,9,41,4,40,0.85,15,5,1,1,445,85,9,6,7,3,1,8,7,0.61,0.24,0.85,0.98,526,258,187,27,63,5,23,13,3,2,0,11,85,11,5,31,1,47,34,59,13,59,9,90,100073,,
https://www.fotmob.com/en-GB/matches/brighton-hove-albion-vs-manchester-united/3goccs3610287,Manchester United,,Brighton & Hove Albion,,2022-05-07T16:30:00.000Z,The American Express Community Stadium,Andy Madley,"31,637",Premier League Round 36 2021/2022,58,42,"https://www.google.com/maps/?q=50.86158,-0.083642",0.85,15,5,1,1,445,85,9,6,7,3,1,8,7,0.61,0.24,0.85,0.98,526,258,187,27,63,5,23,13,3,2,0,11,85,11,5,31,1,47,34,59,13,59,9,90,2.35,17,6,4,2,293,79,13,7,7,4,0,13,4,2.11,0.24,2.35,2.43,373,136,157,20,42,5,25,17,3,0,0,9,82,10,3,18,5,33,24,41,9,41,4,40,100073,,
https://www.fotmob.com/en-GB/matches/chelsea-vs-west-ham-united/2f5ck53610265,Chelsea,,West Ham United,,2022-04-24T13:00:00.000Z,Stamford Bridge,Michael Oliver,"32,231",Premier League Round 34 2021/2022,67,33,"https://www.google.com/maps/?q=51.481712,-0.190975",3.02,26,5,2,1,628,88,11,3,9,12,0,14,12,1.92,0.31,2.23,2.01,710,272,356,24,59,3,14,16,2,1,0,6,55,9,2,7,2,39,29,52,10,50,10,59,0.48,6,2,1,1,264,75,9,1,2,2,0,5,1,0.47,0.02,0.48,0.54,354,144,120,14,24,0,0,18,2,0,1,10,71,5,11,25,4,37,27,48,10,50,4,57,100074,,
https://www.fotmob.com/en-GB/matches/chelsea-vs-west-ham-united/2f5ck53610265,West Ham United,,Chelsea,,2022-04-24T13:00:00.000Z,Stamford Bridge,Michael Oliver,"32,231",Premier League Round 34 2021/2022,33,67,"https://www.google.com/maps/?q=51.481712,-0.190975",0.48,6,2,1,1,264,75,9,1,2,2,0,5,1,0.47,0.02,0.48,0.54,354,144,120,14,24,0,0,18,2,0,1,10,71,5,11,25,4,37,27,48,10,50,4,57,3.02,26,5,2,1,628,88,11,3,9,12,0,14,12,1.92,0.31,2.23,2.01,710,272,356,24,59,3,14,16,2,1,0,6,55,9,2,7,2,39,29,52,10,50,10,59,100074,,
https://www.fotmob.com/en-GB/matches/liverpool-vs-newcastle-united/2ygyxm3610275,Newcastle United,,Liverpool,,2022-04-30T11:30:00.000Z,St. James' Park,Andre Marriner,"52,281",Premier League Round 35 2021/2022,34,66,"https://www.google.com/maps/?q=54.97554,-1.621621",0.20,4,2,0,0,176,64,11,0,1,1,0,0,4,0.14,0.06,0.20,0.20,274,78,98,21,33,1,20,27,9,1,0,10,53,4,4,21,9,63,43,54,20,54,15,79,2.39,24,10,2,1,442,84,11,6,10,4,0,17,7,2.10,0.30,2.39,1.67,528,249,193,30,52,6,38,15,1,3,0,6,40,6,1,15,2,53,36,46,17,46,10,59,100075,,
https://www.fotmob.com/en-GB/matches/liverpool-vs-newcastle-united/2ygyxm3610275,Liverpool,,Newcastle United,,2022-04-30T11:30:00.000Z,St. James' Park,Andre Marriner,"52,281",Premier League Round 35 2021/2022,66,34,"https://www.google.com/maps/?q=54.97554,-1.621621",2.39,24,10,2,1,442,84,11,6,10,4,0,17,7,2.10,0.30,2.39,1.67,528,249,193,30,52,6,38,15,1,3,0,6,40,6,1,15,2,53,36,46,17,46,10,59,0.20,4,2,0,0,176,64,11,0,1,1,0,0,4,0.14,0.06,0.20,0.20,274,78,98,21,33,1,20,27,9,1,0,10,53,4,4,21,9,63,43,54,20,54,15,79,100075,,
https://www.fotmob.com/en-GB/matches/wolverhampton-wanderers-vs-brighton-hove-albion/2xaiyv3610270,Wolverhampton Wanderers,,Brighton & Hove Albion,,2022-04-30T14:00:00.000Z,Molineux Stadium,Simon Hooper,"31,243",Premier League Round 35 2021/2022,49,51,"https://www.google.com/maps/?q=52.590238,-2.130433",0.66,11,1,0,0,377,82,6,7,5,5,1,6,5,0.37,0.29,0.66,0.05,458,236,141,17,35,1,5,16,1,2,0,13,68,5,4,11,6,44,36,47,8,57,13,54,2.64,17,9,3,1,396,83,4,3,4,4,1,9,8,0.97,0.09,1.07,2.92,479,211,185,21,43,4,33,19,1,1,0,18,82,9,5,10,1,47,41,53,6,43,14,56,100076,,
https://www.fotmob.com/en-GB/matches/wolverhampton-wanderers-vs-brighton-hove-albion/2xaiyv3610270,Brighton & Hove Albion,,Wolverhampton Wanderers,,2022-04-30T14:00:00.000Z,Molineux Stadium,Simon Hooper,"31,243",Premier League Round 35 2021/2022,51,49,"https://www.google.com/maps/?q=52.590238,-2.130433",2.64,17,9,3,1,396,83,4,3,4,4,1,9,8,0.97,0.09,1.07,2.92,479,211,185,21,43,4,33,19,1,1,0,18,82,9,5,10,1,47,41,53,6,43,14,56,0.66,11,1,0,0,377,82,6,7,5,5,1,6,5,0.37,0.29,0.66,0.05,458,236,141,17,35,1,5,16,1,2,0,13,68,5,4,11,6,44,36,47,8,57,13,54,100076,,
https://www.fotmob.com/en-GB/matches/leicester-city-vs-everton/2coib13610101,Everton,,Leicester City,,2022-04-20T18:45:00.000Z,Goodison Park,David Coote,"39,153",Premier League Round 18 2021/2022,37,63,"https://www.google.com/maps/?q=53.438822,-2.966298",1.76,13,3,2,2,259,73,8,5,8,2,0,8,5,1.38,0.37,1.76,0.68,353,132,127,28,48,6,38,23,0,4,0,9,64,13,7,13,2,62,41,63,21,53,10,71,0.91,11,3,0,0,517,82,17,4,1,7,0,7,4,0.79,0.12,0.91,0.85,631,269,248,26,43,2,15,23,1,2,0,5,45,4,2,15,2,43,24,37,19,48,6,43,100077,,
https://www.fotmob.com/en-GB/matches/leicester-city-vs-everton/2coib13610101,Leicester City,,Everton,,2022-04-20T18:45:00.000Z,Goodison Park,David Coote,"39,153",Premier League Round 18 2021/2022,63,37,"https://www.google.com/maps/?q=53.438822,-2.966298",0.91,11,3,0,0,517,82,17,4,1,7,0,7,4,0.79,0.12,0.91,0.85,631,269,248,26,43,2,15,23,1,2,0,5,45,4,2,15,2,43,24,37,19,48,6,43,1.76,13,3,2,2,259,73,8,5,8,2,0,8,5,1.38,0.37,1.76,0.68,353,132,127,28,48,6,38,23,0,4,0,9,64,13,7,13,2,62,41,63,21,53,10,71,100077,,
https://www.fotmob.com/en-GB/matches/arsenal-vs-manchester-united/3c3mu03610269,Arsenal,,Manchester United,,2022-04-23T11:30:00.000Z,Emirates Stadium,Craig Pawson,"60,223",Premier League Round 34 2021/2022,55,45,"https://www.google.com/maps/?q=51.555075,-0.108458",2.61,14,7,3,1,430,85,9,1,5,2,0,9,5,1.58,0.24,1.82,3.37,507,218,212,12,24,3,27,13,2,3,0,7,70,7,3,16,4,31,26,50,5,25,4,44,1.78,14,5,4,3,337,82,12,7,6,3,3,9,5,0.87,0.12,0.99,1.97,412,201,136,12,38,4,25,19,2,4,0,10,77,9,2,17,4,41,26,50,15,75,5,56,100078,20,15
https://www.fotmob.com/en-GB/matches/arsenal-vs-manchester-united/3c3mu03610269,Manchester United,,Arsenal,,2022-04-23T11:30:00.000Z,Emirates Stadium,Craig Pawson,"60,223",Premier League Round 34 2021/2022,45,55,"https://www.google.com/maps/?q=51.555075,-0.108458",1.78,14,5,4,3,337,82,12,7,6,3,3,9,5,0.87,0.12,0.99,1.97,412,201,136,12,38,4,25,19,2,4,0,10,77,9,2,17,4,41,26,50,15,75,5,56,2.61,14,7,3,1,430,85,9,1,5,2,0,9,5,1.58,0.24,1.82,3.37,507,218,212,12,24,3,27,13,2,3,0,7,70,7,3,16,4,31,26,50,5,25,4,44,100078,15,20
https://www.fotmob.com/en-GB/matches/tottenham-hotspur-vs-brentford/2u5c8b3610268,Brentford,,Tottenham Hotspur,,2022-04-23T16:30:00.000Z,Brentford Community Stadium,Martin Atkinson,"17,072",Premier League Round 34 2021/2022,44,56,"https://www.google.com/maps/?q=51.490729,-0.288884",0.89,15,2,2,2,296,75,8,12,6,7,2,10,5,0.25,0.64,0.89,0.13,393,157,139,34,54,10,38,19,1,2,0,6,50,10,5,23,0,35,20,42,15,48,2,25,0.60,9,0,0,0,431,85,7,8,4,5,0,7,2,0.44,0.16,0.60,0.00,508,163,268,16,43,6,23,18,1,1,0,8,73,13,8,33,1,44,28,58,16,52,9,75,100079,,
https://www.fotmob.com/en-GB/matches/tottenham-hotspur-vs-brentford/2u5c8b3610268,Tottenham Hotspur,,Brentford,,2022-04-23T16:30:00.000Z,Brentford Community Stadium,Martin Atkinson,"17,072",Premier League Round 34 2021/2022,56,44,"https://www.google.com/maps/?q=51.490729,-0.288884",0.60,9,0,0,0,431,85,7,8,4,5,0,7,2,0.44,0.16,0.60,0.00,508,163,268,16,43,6,23,18,1,1,0,8,73,13,8,33,1,44,28,58,16,52,9,75,0.89,15,2,2,2,296,75,8,12,6,7,2,10,5,0.25,0.64,0.89,0.13,393,157,139,34,54,10,38,19,1,2,0,6,50,10,5,23,0,35,20,42,15,48,2,25,100079,,
https://www.fotmob.com/en-GB/matches/manchester-city-vs-liverpool/2f48yd3610244,Manchester City,,Liverpool,,2022-04-10T15:30:00.000Z,Etihad Stadium,Anthony Taylor,"53,197",Premier League Round 32 2021/2022,55,45,"https://www.google.com/maps/?q=53.483152,-2.200409",1.26,11,5,2,1,486,86,9,4,4,2,1,7,4,1.03,0.24,1.26,0.87,566,313,173,41,56,2,12,20,5,1,0,6,35,8,0,11,2,46,37,55,9,50,10,42,1.31,6,4,3,1,377,81,11,1,2,0,0,4,2,1.28,0.03,1.31,2.10,468,210,167,29,45,1,20,15,2,4,0,12,67,8,3,18,2,39,30,45,9,50,4,44,100080,,
https://www.fotmob.com/en-GB/matches/manchester-city-vs-liverpool/2f48yd3610244,Liverpool,,Manchester City,,2022-04-10T15:30:00.000Z,Etihad Stadium,Anthony Taylor,"53,197",Premier League Round 32 2021/2022,45,55,"https://www.google.com/maps/?q=53.483152,-2.200409",1.31,6,4,3,1,377,81,11,1,2,0,0,4,2,1.28,0.03,1.31,2.10,468,210,167,29,45,1,20,15,2,4,0,12,67,8,3,18,2,39,30,45,9,50,4,44,1.26,11,5,2,1,486,86,9,4,4,2,1,7,4,1.03,0.24,1.26,0.87,566,313,173,41,56,2,12,20,5,1,0,6,35,8,0,11,2,46,37,55,9,50,10,42,100080,,
https://www.fotmob.com/en-GB/matches/watford-vs-brentford/386bbs3610252,Watford,,Brentford,,2022-04-16T14:00:00.000Z,Vicarage Road,Simon Hooper,"20,747",Premier League Round 33 2021/2022,51,49,"https://www.google.com/maps/?q=51.649907,-0.401629",1.74,18,4,2,2,300,76,11,6,9,5,1,13,5,1.30,0.44,1.74,0.75,395,132,168,30,43,7,32,24,0,2,0,11,85,17,4,20,3,52,26,37,26,59,5,36,1.86,16,5,3,1,282,74,9,5,7,4,0,9,7,0.33,1.53,1.86,2.40,382,154,128,29,48,6,35,36,0,1,0,12,55,6,4,15,3,63,45,63,18,41,12,57,100081,,
https://www.fotmob.com/en-GB/matches/watford-vs-brentford/386bbs3610252,Brentford,,Watford,,2022-04-16T14:00:00.000Z,Vicarage Road,Simon Hooper,"20,747",Premier League Round 33 2021/2022,49,51,"https://www.google.com/maps/?q=51.649907,-0.401629",1.86,16,5,3,1,282,74,9,5,7,4,0,9,7,0.33,1.53,1.86,2.40,382,154,128,29,48,6,35,36,0,1,0,12,55,6,4,15,3,63,45,63,18,41,12,57,1.74,18,4,2,2,300,76,11,6,9,5,1,13,5,1.30,0.44,1.74,0.75,395,132,168,30,43,7,32,24,0,2,0,11,85,17,4,20,3,52,26,37,26,59,5,36,100081,,
https://www.fotmob.com/en-GB/matches/tottenham-hotspur-vs-newcastle-united/2xr2ka3610232,Tottenham Hotspur,,Newcastle United,,2022-04-03T15:30:00.000Z,Tottenham Hotspur Stadium,Martin Atkinson,"57,553",Premier League Round 31 2021/2022,61,39,"https://www.google.com/maps/?q=51.603249,-0.065773",3.07,19,6,6,1,548,91,10,2,8,5,0,13,6,2.66,0.41,3.07,4.16,604,342,206,29,64,5,36,10,0,2,0,10,59,2,4,18,0,40,30,50,10,38,6,55,0.53,8,1,0,0,324,85,7,3,3,4,0,4,4,0.34,0.19,0.53,0.58,379,189,135,27,63,3,19,9,4,3,0,9,69,7,4,17,1,46,30,50,16,62,7,47,100082,,
https://www.fotmob.com/en-GB/matches/tottenham-hotspur-vs-newcastle-united/2xr2ka3610232,Newcastle United,,Tottenham Hotspur,,2022-04-03T15:30:00.000Z,Tottenham Hotspur Stadium,Martin Atkinson,"57,553",Premier League Round 31 2021/2022,39,61,"https://www.google.com/maps/?q=51.603249,-0.065773",0.53,8,1,0,0,324,85,7,3,3,4,0,4,4,0.34,0.19,0.53,0.58,379,189,135,27,63,3,19,9,4,3,0,9,69,7,4,17,1,46,30,50,16,62,7,47,3.07,19,6,6,1,548,91,10,2,8,5,0,13,6,2.66,0.41,3.07,4.16,604,342,206,29,64,5,36,10,0,2,0,10,59,2,4,18,0,40,30,50,10,38,6,55,100082,,
https://www.fotmob.com/en-GB/matches/everton-vs-manchester-united/2ynv4k3610246,Everton,,Manchester United,,2022-04-09T11:30:00.000Z,Goodison Park,Jonathan Moss,"39,080",Premier League Round 32 2021/2022,32,68,"https://www.google.com/maps/?q=53.438822,-2.966298",0.38,7,3,0,0,203,66,4,5,2,2,0,4,3,0.26,0.13,0.38,0.14,307,108,95,18,31,3,25,25,1,2,0,12,67,12,7,35,4,52,36,55,16,36,10,71,0.77,12,4,1,1,523,82,10,7,1,7,0,7,5,0.53,0.23,0.77,0.38,641,224,299,24,47,5,21,27,2,2,0,10,67,12,2,14,2,57,29,45,28,64,10,50,100083,,
https://www.fotmob.com/en-GB/matches/everton-vs-manchester-united/2ynv4k3610246,Manchester United,,Everton,,2022-04-09T11:30:00.000Z,Goodison Park,Jonathan Moss,"39,080",Premier League Round 32 2021/2022,68,32,"https://www.google.com/maps/?q=53.438822,-2.966298",0.77,12,4,1,1,523,82,10,7,1,7,0,7,5,0.53,0.23,0.77,0.38,641,224,299,24,47,5,21,27,2,2,0,10,67,12,2,14,2,57,29,45,28,64,10,50,0.38,7,3,0,0,203,66,4,5,2,2,0,4,3,0.26,0.13,0.38,0.14,307,108,95,18,31,3,25,25,1,2,0,12,67,12,7,35,4,52,36,55,16,36,10,71,100083,,
https://www.fotmob.com/en-GB/matches/tottenham-hotspur-vs-aston-villa/2xnfpj3610248,Aston Villa,,Tottenham Hotspur,,2022-04-09T16:30:00.000Z,Villa Park,Graham Scott,"41,949",Premier League Round 32 2021/2022,52,48,"https://www.google.com/maps/?q=52.509091,-1.884842",1.62,19,8,2,2,424,89,12,9,5,6,0,13,6,0.74,0.88,1.62,1.15,477,157,267,15,60,6,22,16,1,2,0,10,67,3,5,8,1,48,38,48,10,63,9,50,1.06,11,5,1,0,404,88,14,3,1,5,0,7,4,1.01,0.04,1.06,1.87,461,295,109,23,56,0,0,11,2,3,0,9,45,6,6,28,8,47,41,52,6,38,9,53,100084,,
https://www.fotmob.com/en-GB/matches/tottenham-hotspur-vs-aston-villa/2xnfpj3610248,Tottenham Hotspur,,Aston Villa,,2022-04-09T16:30:00.000Z,Villa Park,Graham Scott,"41,949",Premier League Round 32 2021/2022,48,52,"https://www.google.com/maps/?q=52.509091,-1.884842",1.06,11,5,1,0,404,88,14,3,1,5,0,7,4,1.01,0.04,1.06,1.87,461,295,109,23,56,0,0,11,2,3,0,9,45,6,6,28,8,47,41,52,6,38,9,53,1.62,19,8,2,2,424,89,12,9,5,6,0,13,6,0.74,0.88,1.62,1.15,477,157,267,15,60,6,22,16,1,2,0,10,67,3,5,8,1,48,38,48,10,63,9,50,100084,,
