team,opp,team_goals,opp_goals,date
Arsenal,Fulham,4,1,2019-01-01
Cardiff City,Tottenham Hotspur,0,3,2019-01-01
Everton,Leicester City,0,1,2019-01-01
AFC Bournemouth,Watford,3,3,2019-01-02
Chelsea,Southampton,0,0,2019-01-02
,Burnley,1,2,2019-01-02
Newcastle United,Manchester United,0,2,2019-01-02
West Ham United,Brighton & Hove Albion,2,2,2019-01-02
Wolverhampton Wanderers,Crystal Palace,0,2,2019-01-02
Manchester City,Liverpool,2,1,2019-01-03
Brighton & Hove Albion,Liverpool,0,1,2019-01-12
Burnley,Fulham,2,1,2019-01-12
Cardiff City,,0,0,2019-01-12
Chelsea,Newcastle United,2,1,2019-01-12
Crystal Palace,Watford,1,2,2019-01-12
Leicester City,Southampton,1,2,2019-01-12
West Ham United,Arsenal,1,0,2019-01-12
Everton,AFC Bournemouth,2,0,2019-01-13
Tottenham Hotspur,Manchester United,0,1,2019-01-13
Manchester City,Wolverhampton Wanderers,3,0,2019-01-14
Arsenal,Chelsea,2,0,2019-01-19
AFC Bournemouth,West Ham United,2,0,2019-01-19
Liverpool,Crystal Palace,4,3,2019-01-19
Manchester United,Brighton & Hove Albion,2,1,2019-01-19
Newcastle United,Cardiff City,3,0,2019-01-19
Southampton,Everton,2,1,2019-01-19
Watford,Burnley,0,0,2019-01-19
Wolverhampton Wanderers,Leicester City,4,3,2019-01-19
Fulham,Tottenham Hotspur,1,2,2019-01-20
,Manchester City,0,3,2019-01-20
Arsenal,Cardiff City,2,1,2019-01-29
Fulham,Brighton & Hove Albion,4,2,2019-01-29
,Everton,0,1,2019-01-29
Manchester United,Burnley,2,2,2019-01-29
Newcastle United,Manchester City,2,1,2019-01-29
Wolverhampton Wanderers,West Ham United,3,0,2019-01-29
AFC Bournemouth,Chelsea,4,0,2019-01-30
Liverpool,Leicester City,1,1,2019-01-30
Southampton,Crystal Palace,1,1,2019-01-30
Tottenham Hotspur,Watford,2,1,2019-01-30
Brighton & Hove Albion,Watford,0,0,2019-02-02
Burnley,Southampton,1,1,2019-02-02
Cardiff City,AFC Bournemouth,2,0,2019-02-02
Chelsea,,5,0,2019-02-02
Crystal Palace,Fulham,2,0,2019-02-02
Everton,Wolverhampton Wanderers,1,3,2019-02-02
Tottenham Hotspur,Newcastle United,1,0,2019-02-02
Leicester City,Manchester United,0,1,2019-02-03
Manchester City,Arsenal,3,1,2019-02-03
West Ham United,Liverpool,1,1,2019-02-04
Everton,Manchester City,0,2,2019-02-06
Brighton & Hove Albion,Burnley,1,3,2019-02-09
Crystal Palace,West Ham United,1,1,2019-02-09
Fulham,Manchester United,0,3,2019-02-09
,Arsenal,1,2,2019-02-09
Liverpool,AFC Bournemouth,3,0,2019-02-09
Southampton,Cardiff City,1,2,2019-02-09
Watford,Everton,1,0,2019-02-09
Manchester City,Chelsea,6,0,2019-02-10
Tottenham Hotspur,Leicester City,3,1,2019-02-10
Wolverhampton Wanderers,Newcastle United,1,1,2019-02-11
Cardiff City,Watford,1,5,2019-02-22
West Ham United,Fulham,3,1,2019-02-22
AFC Bournemouth,Wolverhampton Wanderers,1,1,2019-02-23
Burnley,Tottenham Hotspur,2,1,2019-02-23
Leicester City,Crystal Palace,1,4,2019-02-23
Newcastle United,,2,0,2019-02-23
Arsenal,Southampton,2,0,2019-02-24
Manchester United,Liverpool,0,0,2019-02-24
Cardiff City,Everton,0,3,2019-02-26
,Wolverhampton Wanderers,1,0,2019-02-26
Leicester City,Brighton & Hove Albion,2,1,2019-02-26
Newcastle United,Burnley,2,0,2019-02-26
Arsenal,AFC Bournemouth,5,1,2019-02-27
Chelsea,Tottenham Hotspur,2,0,2019-02-27
Crystal Palace,Manchester United,1,3,2019-02-27
Liverpool,Watford,5,0,2019-02-27
Manchester City,West Ham United,1,0,2019-02-27
Southampton,Fulham,2,0,2019-02-27
AFC Bournemouth,Manchester City,0,1,2019-03-02
Brighton & Hove Albion,,1,0,2019-03-02
Burnley,Crystal Palace,1,3,2019-03-02
Manchester United,Southampton,3,2,2019-03-02
Tottenham Hotspur,Arsenal,1,1,2019-03-02
West Ham United,Newcastle United,2,0,2019-03-02
Wolverhampton Wanderers,Cardiff City,2,0,2019-03-02
Everton,Liverpool,0,0,2019-03-03
Fulham,Chelsea,1,2,2019-03-03
Watford,Leicester City,2,1,2019-03-03
Cardiff City,West Ham United,2,0,2019-03-09
Crystal Palace,Brighton & Hove Albion,1,2,2019-03-09
,AFC Bournemouth,0,2,2019-03-09
Leicester City,Fulham,3,1,2019-03-09
Manchester City,Watford,3,1,2019-03-09
Newcastle United,Everton,3,2,2019-03-09
Southampton,Tottenham Hotspur,2,1,2019-03-09
Arsenal,Manchester United,2,0,2019-03-10
Chelsea,Wolverhampton Wanderers,1,1,2019-03-10
Liverpool,Burnley,4,2,2019-03-10
AFC Bournemouth,Newcastle United,2,2,2019-03-16
Burnley,Leicester City,1,2,2019-03-16
West Ham United,,4,3,2019-03-16
Everton,Chelsea,2,0,2019-03-17
Fulham,Liverpool,1,2,2019-03-17
Brighton & Hove Albion,Southampton,0,1,2019-03-30
Burnley,Wolverhampton Wanderers,2,0,2019-03-30
Crystal Palace,,2,0,2019-03-30
Fulham,Manchester City,0,2,2019-03-30
Leicester City,AFC Bournemouth,2,0,2019-03-30
Manchester United,Watford,2,1,2019-03-30
West Ham United,Everton,0,2,2019-03-30
Cardiff City,Chelsea,1,2,2019-03-31
Liverpool,Tottenham Hotspur,2,1,2019-03-31
Arsenal,Newcastle United,2,0,2019-04-01
Watford,Fulham,4,1,2019-04-02
Wolverhampton Wanderers,Manchester United,2,1,2019-04-02
Chelsea,Brighton & Hove Albion,3,0,2019-04-03
Manchester City,Cardiff City,2,0,2019-04-03
Tottenham Hotspur,Crystal Palace,2,0,2019-04-03
Southampton,Liverpool,1,3,2019-04-05
AFC Bournemouth,Burnley,1,3,2019-04-06
,Leicester City,1,4,2019-04-06
Newcastle United,Crystal Palace,0,1,2019-04-06
Everton,Arsenal,1,0,2019-04-07
Chelsea,West Ham United,2,0,2019-04-08
Leicester City,Newcastle United,0,1,2019-04-12
Brighton & Hove Albion,AFC Bournemouth,0,5,2019-04-13
Burnley,Cardiff City,2,0,2019-04-13
Fulham,Everton,2,0,2019-04-13
Manchester United,West Ham United,2,1,2019-04-13
Southampton,Wolverhampton Wanderers,3,1,2019-04-13
Tottenham Hotspur,,4,0,2019-04-13
Crystal Palace,Manchester City,1,3,2019-04-14
Liverpool,Chelsea,2,0,2019-04-14
Watford,Arsenal,0,1,2019-04-15
Brighton & Hove Albion,Cardiff City,0,2,2019-04-16
AFC Bournemouth,Fulham,0,1,2019-04-20
,Watford,1,2,2019-04-20
Manchester City,Tottenham Hotspur,1,0,2019-04-20
Newcastle United,Southampton,3,1,2019-04-20
West Ham United,Leicester City,2,2,2019-04-20
Wolverhampton Wanderers,Brighton & Hove Albion,0,0,2019-04-20
Arsenal,Crystal Palace,2,3,2019-04-21
Cardiff City,Liverpool,0,2,2019-04-21
Everton,Manchester United,4,0,2019-04-21
Chelsea,Burnley,2,2,2019-04-22
Tottenham Hotspur,Brighton & Hove Albion,1,0,2019-04-23
Watford,Southampton,1,1,2019-04-23
Manchester United,Manchester City,0,2,2019-04-24
Wolverhampton Wanderers,Arsenal,3,1,2019-04-24
Liverpool,,5,0,2019-04-26
Brighton & Hove Albion,Newcastle United,1,1,2019-04-27
Crystal Palace,Everton,0,0,2019-04-27
Fulham,Cardiff City,1,0,2019-04-27
Southampton,AFC Bournemouth,3,3,2019-04-27
Tottenham Hotspur,West Ham United,0,1,2019-04-27
Watford,Wolverhampton Wanderers,1,2,2019-04-27
Burnley,Manchester City,0,1,2019-04-28
Leicester City,Arsenal,3,0,2019-04-28
Manchester United,Chelsea,1,1,2019-04-28
Everton,Burnley,2,0,2019-05-03
AFC Bournemouth,Tottenham Hotspur,1,0,2019-05-04
Cardiff City,Crystal Palace,2,3,2019-05-04
Newcastle United,Liverpool,2,3,2019-05-04
West Ham United,Southampton,3,0,2019-05-04
Wolverhampton Wanderers,Fulham,1,0,2019-05-04
Arsenal,Brighton & Hove Albion,1,1,2019-05-05
Chelsea,Watford,3,0,2019-05-05
,Manchester United,1,1,2019-05-05
Manchester City,Leicester City,1,0,2019-05-06
Brighton & Hove Albion,Manchester City,1,4,2019-05-12
Burnley,Arsenal,1,3,2019-05-12
Crystal Palace,AFC Bournemouth,5,3,2019-05-12
Fulham,Newcastle United,0,4,2019-05-12
Leicester City,Chelsea,0,0,2019-05-12
Liverpool,Wolverhampton Wanderers,2,0,2019-05-12
Manchester United,Cardiff City,0,2,2019-05-12
Southampton,,1,1,2019-05-12
Tottenham Hotspur,Everton,2,2,2019-05-12
Watford,West Ham United,1,4,2019-05-12
Liverpool,Norwich City,4,1,2019-08-09
West Ham United,Manchester City,0,5,2019-08-10
AFC Bournemouth,,1,1,2019-08-10
Burnley,Southampton,3,0,2019-08-10
Crystal Palace,Everton,0,0,2019-08-10
Watford,Brighton & Hove Albion,0,3,2019-08-10
Tottenham Hotspur,Aston Villa,3,1,2019-08-10
Leicester City,Wolverhampton Wanderers,0,0,2019-08-11
Newcastle United,Arsenal,0,1,2019-08-11
Manchester United,Chelsea,4,0,2019-08-11
Arsenal,Burnley,2,1,2019-08-17
Aston Villa,AFC Bournemouth,1,2,2019-08-17
Brighton & Hove Albion,West Ham United,1,1,2019-08-17
Everton,Watford,1,0,2019-08-17
Norwich City,Newcastle United,3,1,2019-08-17
Southampton,Liverpool,1,2,2019-08-17
Manchester City,Tottenham Hotspur,2,2,2019-08-17
,Crystal Palace,1,0,2019-08-18
Chelsea,Leicester City,1,1,2019-08-18
Wolverhampton Wanderers,Manchester United,1,1,2019-08-19
Aston Villa,Everton,2,0,2019-08-23
Norwich City,Chelsea,2,3,2019-08-24
Brighton & Hove Albion,Southampton,0,2,2019-08-24
Manchester United,Crystal Palace,1,2,2019-08-24
,Leicester City,1,2,2019-08-24
Watford,West Ham United,1,3,2019-08-24
Liverpool,Arsenal,3,1,2019-08-24
AFC Bournemouth,Manchester City,1,3,2019-08-25
Tottenham Hotspur,Newcastle United,0,1,2019-08-25
Wolverhampton Wanderers,Burnley,1,1,2019-08-25
Southampton,Manchester United,1,1,2019-08-31
Chelsea,,2,2,2019-08-31
Crystal Palace,Aston Villa,1,0,2019-08-31
Leicester City,AFC Bournemouth,3,1,2019-08-31
Manchester City,Brighton & Hove Albion,4,0,2019-08-31
Newcastle United,Watford,1,1,2019-08-31
West Ham United,Norwich City,2,0,2019-08-31
Burnley,Liverpool,0,3,2019-08-31
Everton,Wolverhampton Wanderers,3,2,2019-09-01
Arsenal,Tottenham Hotspur,2,2,2019-09-01
Liverpool,Newcastle United,3,1,2019-09-14
Brighton & Hove Albion,Burnley,1,1,2019-09-14
Manchester United,Leicester City,1,0,2019-09-14
,Southampton,0,1,2019-09-14
Tottenham Hotspur,Crystal Palace,4,0,2019-09-14
Wolverhampton Wanderers,Chelsea,2,5,2019-09-14
Norwich City,Manchester City,3,2,2019-09-14
AFC Bournemouth,Everton,3,1,2019-09-15
Watford,Arsenal,2,2,2019-09-15
Aston Villa,West Ham United,0,0,2019-09-16
Southampton,AFC Bournemouth,1,3,2019-09-20
Leicester City,Tottenham Hotspur,2,1,2019-09-21
Burnley,Norwich City,2,0,2019-09-21
Everton,,0,2,2019-09-21
Manchester City,Watford,8,0,2019-09-21
Newcastle United,Brighton & Hove Albion,0,0,2019-09-21
Crystal Palace,Wolverhampton Wanderers,1,1,2019-09-22
West Ham United,Manchester United,2,0,2019-09-22
Arsenal,Aston Villa,3,2,2019-09-22
Chelsea,Liverpool,1,2,2019-09-22
,Liverpool,0,1,2019-09-28
Aston Villa,Burnley,2,2,2019-09-28
AFC Bournemouth,West Ham United,2,2,2019-09-28
Chelsea,Brighton & Hove Albion,2,0,2019-09-28
Crystal Palace,Norwich City,2,0,2019-09-28
Tottenham Hotspur,Southampton,2,1,2019-09-28
Wolverhampton Wanderers,Watford,2,0,2019-09-28
Everton,Manchester City,1,3,2019-09-28
Leicester City,Newcastle United,5,0,2019-09-29
Manchester United,Arsenal,1,1,2019-09-30
Brighton & Hove Albion,Tottenham Hotspur,3,0,2019-10-05
Burnley,Everton,1,0,2019-10-05
Liverpool,Leicester City,2,1,2019-10-05
Norwich City,Aston Villa,1,5,2019-10-05
Watford,,0,0,2019-10-05
West Ham United,Crystal Palace,1,2,2019-10-05
Arsenal,AFC Bournemouth,1,0,2019-10-06
Manchester City,Wolverhampton Wanderers,0,2,2019-10-06
Southampton,Chelsea,1,4,2019-10-06
Newcastle United,Manchester United,1,0,2019-10-06
Everton,West Ham United,2,0,2019-10-19
Aston Villa,Brighton & Hove Albion,2,1,2019-10-19
AFC Bournemouth,Norwich City,0,0,2019-10-19
Chelsea,Newcastle United,1,0,2019-10-19
Leicester City,Burnley,2,1,2019-10-19
Tottenham Hotspur,Watford,1,1,2019-10-19
Wolverhampton Wanderers,Southampton,1,1,2019-10-19
Crystal Palace,Manchester City,0,2,2019-10-19
Manchester United,Liverpool,1,1,2019-10-20
,Arsenal,1,0,2019-10-21
Southampton,Leicester City,0,9,2019-10-25
Manchester City,Aston Villa,3,0,2019-10-26
Brighton & Hove Albion,Everton,3,2,2019-10-26
Watford,AFC Bournemouth,0,0,2019-10-26
West Ham United,,1,1,2019-10-26
Burnley,Chelsea,2,4,2019-10-26
Newcastle United,Wolverhampton Wanderers,1,1,2019-10-27
Arsenal,Crystal Palace,2,2,2019-10-27
Liverpool,Tottenham Hotspur,2,1,2019-10-27
Norwich City,Manchester United,1,3,2019-10-27
AFC Bournemouth,Manchester United,1,0,2019-11-02
Arsenal,Wolverhampton Wanderers,1,1,2019-11-02
Aston Villa,Liverpool,1,2,2019-11-02
Brighton & Hove Albion,Norwich City,2,0,2019-11-02
Manchester City,Southampton,2,1,2019-11-02
,Burnley,3,0,2019-11-02
West Ham United,Newcastle United,2,3,2019-11-02
Watford,Chelsea,1,2,2019-11-02
Crystal Palace,Leicester City,0,2,2019-11-03
Everton,Tottenham Hotspur,1,1,2019-11-03
Norwich City,Watford,0,2,2019-11-08
Chelsea,Crystal Palace,2,0,2019-11-09
Burnley,West Ham United,3,0,2019-11-09
Newcastle United,AFC Bournemouth,2,1,2019-11-09
Southampton,Everton,1,2,2019-11-09
Tottenham Hotspur,,1,1,2019-11-09
Leicester City,Arsenal,2,0,2019-11-09
Manchester United,Brighton & Hove Albion,3,1,2019-11-10
Wolverhampton Wanderers,Aston Villa,2,1,2019-11-10
Liverpool,Manchester City,3,1,2019-11-10
West Ham United,Tottenham Hotspur,2,3,2019-11-23
Arsenal,Southampton,2,2,2019-11-23
AFC Bournemouth,Wolverhampton Wanderers,1,2,2019-11-23
Brighton & Hove Albion,Leicester City,0,2,2019-11-23
Crystal Palace,Liverpool,1,2,2019-11-23
Everton,Norwich City,0,2,2019-11-23
Watford,Burnley,0,3,2019-11-23
Manchester City,Chelsea,2,1,2019-11-23
,Manchester United,3,3,2019-11-24
Aston Villa,Newcastle United,2,0,2019-11-25
Newcastle United,Manchester City,2,2,2019-11-30
Burnley,Crystal Palace,0,2,2019-11-30
Chelsea,West Ham United,0,1,2019-11-30
Liverpool,Brighton & Hove Albion,2,1,2019-11-30
Tottenham Hotspur,AFC Bournemouth,3,2,2019-11-30
Southampton,Watford,2,1,2019-11-30
Norwich City,Arsenal,2,2,2019-12-01
Wolverhampton Wanderers,,1,1,2019-12-01
Leicester City,Everton,2,1,2019-12-01
Manchester United,Aston Villa,2,2,2019-12-01
Crystal Palace,AFC Bournemouth,1,0,2019-12-03
Burnley,Manchester City,1,4,2019-12-03
Chelsea,Aston Villa,2,1,2019-12-04
Leicester City,Watford,2,0,2019-12-04
Manchester United,Tottenham Hotspur,2,1,2019-12-04
Southampton,Norwich City,2,1,2019-12-04
Wolverhampton Wanderers,West Ham United,2,0,2019-12-04
Liverpool,Everton,5,2,2019-12-04
,Newcastle United,0,2,2019-12-05
Arsenal,Brighton & Hove Albion,1,2,2019-12-05
Everton,Chelsea,3,1,2019-12-07
AFC Bournemouth,Liverpool,0,3,2019-12-07
Tottenham Hotspur,Burnley,5,0,2019-12-07
Watford,Crystal Palace,0,0,2019-12-07
Manchester City,Manchester United,1,2,2019-12-07
Aston Villa,Leicester City,1,4,2019-12-08
Newcastle United,Southampton,2,1,2019-12-08
Norwich City,,1,2,2019-12-08
Brighton & Hove Albion,Wolverhampton Wanderers,2,2,2019-12-08
West Ham United,Arsenal,1,3,2019-12-09
Liverpool,Watford,2,0,2019-12-14
Burnley,Newcastle United,1,0,2019-12-14
Chelsea,AFC Bournemouth,0,1,2019-12-14
Leicester City,Norwich City,1,1,2019-12-14
,Aston Villa,2,0,2019-12-14
Southampton,West Ham United,0,1,2019-12-14
Manchester United,Everton,1,1,2019-12-15
Wolverhampton Wanderers,Tottenham Hotspur,1,2,2019-12-15
Arsenal,Manchester City,0,3,2019-12-15
Crystal Palace,Brighton & Hove Albion,1,1,2019-12-16
Everton,Arsenal,0,0,2019-12-21
Aston Villa,Southampton,1,3,2019-12-21
AFC Bournemouth,Burnley,0,1,2019-12-21
Brighton & Hove Albion,,0,1,2019-12-21
Newcastle United,Crystal Palace,1,0,2019-12-21
Norwich City,Wolverhampton Wanderers,1,2,2019-12-21
Manchester City,Leicester City,3,1,2019-12-21
Watford,Manchester United,2,0,2019-12-22
Tottenham Hotspur,Chelsea,0,2,2019-12-22
Tottenham Hotspur,Brighton & Hove Albion,2,1,2019-12-26
Aston Villa,Norwich City,1,0,2019-12-26
AFC Bournemouth,Arsenal,1,1,2019-12-26
Chelsea,Southampton,0,2,2019-12-26
Crystal Palace,West Ham United,2,1,2019-12-26
Everton,Burnley,1,0,2019-12-26
,Watford,1,1,2019-12-26
Manchester United,Newcastle United,4,1,2019-12-26
Leicester City,Liverpool,0,4,2019-12-26
Wolverhampton Wanderers,Manchester City,3,2,2019-12-27
Brighton & Hove Albion,AFC Bournemouth,2,0,2019-12-28
Newcastle United,Everton,1,2,2019-12-28
Southampton,Crystal Palace,1,1,2019-12-28
Watford,Aston Villa,3,0,2019-12-28
Norwich City,Tottenham Hotspur,2,2,2019-12-28
West Ham United,Leicester City,1,2,2019-12-28
Burnley,Manchester United,0,2,2019-12-28
Arsenal,Chelsea,1,2,2019-12-29
Liverpool,Wolverhampton Wanderers,1,0,2019-12-29
Manchester City,,2,0,2019-12-29
Brighton & Hove Albion,Chelsea,1,1,2020-01-01
Burnley,Aston Villa,1,2,2020-01-01
Newcastle United,Leicester City,0,3,2020-01-01
Southampton,Tottenham Hotspur,1,0,2020-01-01
Watford,Wolverhampton Wanderers,2,1,2020-01-01
Manchester City,Everton,2,1,2020-01-01
Norwich City,Crystal Palace,1,1,2020-01-01
West Ham United,AFC Bournemouth,4,0,2020-01-01
Arsenal,Manchester United,2,0,2020-01-01
Liverpool,,2,0,2020-01-02
,West Ham United,1,0,2020-01-10
Crystal Palace,Arsenal,1,1,2020-01-11
Chelsea,Burnley,3,0,2020-01-11
Everton,Brighton & Hove Albion,1,0,2020-01-11
Leicester City,Southampton,1,2,2020-01-11
Manchester United,Norwich City,4,0,2020-01-11
Wolverhampton Wanderers,Newcastle United,1,1,2020-01-11
Tottenham Hotspur,Liverpool,0,1,2020-01-11
AFC Bournemouth,Watford,0,3,2020-01-12
Aston Villa,Manchester City,1,6,2020-01-12
Watford,Tottenham Hotspur,0,0,2020-01-18
Arsenal,,1,1,2020-01-18
Brighton & Hove Albion,Aston Villa,1,1,2020-01-18
Manchester City,Crystal Palace,2,2,2020-01-18
Norwich City,AFC Bournemouth,1,0,2020-01-18
Southampton,Wolverhampton Wanderers,2,3,2020-01-18
West Ham United,Everton,1,1,2020-01-18
Newcastle United,Chelsea,1,0,2020-01-18
Burnley,Leicester City,2,1,2020-01-19
Liverpool,Manchester United,2,0,2020-01-19
Aston Villa,Watford,2,1,2020-01-21
AFC Bournemouth,Brighton & Hove Albion,3,1,2020-01-21
Crystal Palace,Southampton,0,2,2020-01-21
Everton,Newcastle United,2,2,2020-01-21
,Manchester City,0,1,2020-01-21
Chelsea,Arsenal,2,2,2020-01-21
Leicester City,West Ham United,4,1,2020-01-22
Tottenham Hotspur,Norwich City,2,1,2020-01-22
Manchester United,Burnley,0,2,2020-01-22
Wolverhampton Wanderers,Liverpool,1,2,2020-01-23
West Ham United,Liverpool,0,2,2020-01-29
Leicester City,Chelsea,2,2,2020-02-01
AFC Bournemouth,Aston Villa,2,1,2020-02-01
Crystal Palace,,0,1,2020-02-01
Liverpool,Southampton,4,0,2020-02-01
Newcastle United,Norwich City,0,0,2020-02-01
Watford,Everton,2,3,2020-02-01
West Ham United,Brighton & Hove Albion,3,3,2020-02-01
Manchester United,Wolverhampton Wanderers,0,0,2020-02-01
Burnley,Arsenal,0,0,2020-02-02
Tottenham Hotspur,Manchester City,2,0,2020-02-02
Everton,Crystal Palace,3,1,2020-02-08
Brighton & Hove Albion,Watford,1,1,2020-02-08
,AFC Bournemouth,2,1,2020-02-09
Wolverhampton Wanderers,Leicester City,0,0,2020-02-14
Southampton,Burnley,1,2,2020-02-15
Norwich City,Liverpool,0,1,2020-02-15
Aston Villa,Tottenham Hotspur,2,3,2020-02-16
Arsenal,Newcastle United,4,0,2020-02-16
Chelsea,Manchester United,0,2,2020-02-17
Manchester City,West Ham United,2,0,2020-02-19
Chelsea,Tottenham Hotspur,2,1,2020-02-22
Burnley,AFC Bournemouth,3,0,2020-02-22
Crystal Palace,Newcastle United,1,0,2020-02-22
,Brighton & Hove Albion,1,1,2020-02-22
Southampton,Aston Villa,2,0,2020-02-22
Leicester City,Manchester City,0,1,2020-02-22
Manchester United,Watford,3,0,2020-02-23
Wolverhampton Wanderers,Norwich City,3,0,2020-02-23
Arsenal,Everton,3,2,2020-02-23
Liverpool,West Ham United,3,2,2020-02-24
Norwich City,Leicester City,1,0,2020-02-28
Brighton & Hove Albion,Crystal Palace,0,1,2020-02-29
AFC Bournemouth,Chelsea,2,2,2020-02-29
Newcastle United,Burnley,0,0,2020-02-29
West Ham United,Southampton,3,1,2020-02-29
Watford,Liverpool,3,0,2020-02-29
Everton,Manchester United,1,1,2020-03-01
Tottenham Hotspur,Wolverhampton Wanderers,2,3,2020-03-01
Liverpool,AFC Bournemouth,2,1,2020-03-07
Arsenal,West Ham United,1,0,2020-03-07
Crystal Palace,Watford,1,0,2020-03-07
,Norwich City,1,0,2020-03-07
Southampton,Newcastle United,0,1,2020-03-07
Wolverhampton Wanderers,Brighton & Hove Albion,0,0,2020-03-07
Burnley,Tottenham Hotspur,1,1,2020-03-07
Chelsea,Everton,4,0,2020-03-08
Manchester United,Manchester City,2,0,2020-03-08
Leicester City,Aston Villa,4,0,2020-03-09
Aston Villa,,0,0,2020-06-17
Manchester City,Arsenal,3,0,2020-06-17
Norwich City,Southampton,0,3,2020-06-19
Tottenham Hotspur,Manchester United,1,1,2020-06-19
Watford,Leicester City,1,1,2020-06-20
Brighton & Hove Albion,Arsenal,2,1,2020-06-20
West Ham United,Wolverhampton Wanderers,0,2,2020-06-20
AFC Bournemouth,Crystal Palace,0,2,2020-06-20
Newcastle United,,3,0,2020-06-21
Aston Villa,Chelsea,1,2,2020-06-21
Everton,Liverpool,0,0,2020-06-21
Manchester City,Burnley,5,0,2020-06-22
Leicester City,Brighton & Hove Albion,0,0,2020-06-23
Tottenham Hotspur,West Ham United,2,0,2020-06-23
Manchester United,,3,0,2020-06-24
Newcastle United,Aston Villa,1,1,2020-06-24
Norwich City,Everton,0,1,2020-06-24
Wolverhampton Wanderers,AFC Bournemouth,1,0,2020-06-24
Liverpool,Crystal Palace,4,0,2020-06-24
Burnley,Watford,1,0,2020-06-25
Southampton,Arsenal,0,2,2020-06-25
Chelsea,Manchester City,2,1,2020-06-25
Aston Villa,Wolverhampton Wanderers,0,1,2020-06-27
Watford,Southampton,1,3,2020-06-28
Crystal Palace,Burnley,0,1,2020-06-29
Brighton & Hove Albion,Manchester United,0,3,2020-06-30
Arsenal,Norwich City,4,0,2020-07-01
AFC Bournemouth,Newcastle United,1,4,2020-07-01
Everton,Leicester City,2,1,2020-07-01
West Ham United,Chelsea,3,2,2020-07-01
,Tottenham Hotspur,3,1,2020-07-02
Manchester City,Liverpool,4,0,2020-07-02
Norwich City,Brighton & Hove Albion,0,1,2020-07-04
Leicester City,Crystal Palace,3,0,2020-07-04
Manchester United,AFC Bournemouth,5,2,2020-07-04
Wolverhampton Wanderers,Arsenal,0,2,2020-07-04
Chelsea,Watford,3,0,2020-07-04
Burnley,,1,1,2020-07-05
Newcastle United,West Ham United,2,2,2020-07-05
Liverpool,Aston Villa,2,0,2020-07-05
Southampton,Manchester City,1,0,2020-07-05
Tottenham Hotspur,Everton,1,0,2020-07-06
Crystal Palace,Chelsea,2,3,2020-07-07
Watford,Norwich City,2,1,2020-07-07
Arsenal,Leicester City,1,1,2020-07-07
Manchester City,Newcastle United,5,0,2020-07-08
,Wolverhampton Wanderers,1,0,2020-07-08
West Ham United,Burnley,0,1,2020-07-08
Brighton & Hove Albion,Liverpool,1,3,2020-07-08
AFC Bournemouth,Tottenham Hotspur,0,0,2020-07-09
Everton,Southampton,1,1,2020-07-09
Aston Villa,Manchester United,0,3,2020-07-09
Norwich City,West Ham United,0,4,2020-07-11
Watford,Newcastle United,2,1,2020-07-11
Liverpool,Burnley,1,1,2020-07-11
,Chelsea,3,0,2020-07-11
Brighton & Hove Albion,Manchester City,0,5,2020-07-11
Wolverhampton Wanderers,Everton,3,0,2020-07-12
Aston Villa,Crystal Palace,2,0,2020-07-12
Tottenham Hotspur,Arsenal,2,1,2020-07-12
AFC Bournemouth,Leicester City,4,1,2020-07-12
Manchester United,Southampton,2,2,2020-07-13
Chelsea,Norwich City,1,0,2020-07-14
Burnley,Wolverhampton Wanderers,1,1,2020-07-15
Manchester City,AFC Bournemouth,2,1,2020-07-15
Newcastle United,Tottenham Hotspur,1,3,2020-07-15
Arsenal,Liverpool,2,1,2020-07-15
Everton,Aston Villa,1,1,2020-07-16
Leicester City,,2,0,2020-07-16
Crystal Palace,Manchester United,0,2,2020-07-16
Southampton,Brighton & Hove Albion,1,1,2020-07-16
West Ham United,Watford,3,1,2020-07-17
Norwich City,Burnley,0,2,2020-07-18
AFC Bournemouth,Southampton,0,2,2020-07-19
Tottenham Hotspur,Leicester City,3,0,2020-07-19
Brighton & Hove Albion,Newcastle United,0,0,2020-07-20
,Everton,0,1,2020-07-20
Wolverhampton Wanderers,Crystal Palace,2,0,2020-07-20
Watford,Manchester City,0,4,2020-07-21
Aston Villa,Arsenal,1,0,2020-07-21
Manchester United,West Ham United,1,1,2020-07-22
Liverpool,Chelsea,5,3,2020-07-22
Arsenal,Watford,3,2,2020-07-26
Burnley,Brighton & Hove Albion,1,2,2020-07-26
Chelsea,Wolverhampton Wanderers,2,0,2020-07-26
Crystal Palace,Tottenham Hotspur,1,1,2020-07-26
Everton,AFC Bournemouth,1,3,2020-07-26
Leicester City,Manchester United,0,2,2020-07-26
Manchester City,Norwich City,5,0,2020-07-26
Newcastle United,Liverpool,1,3,2020-07-26
Southampton,,3,1,2020-07-26
West Ham United,Aston Villa,1,1,2020-07-26
Fulham,Arsenal,0,3,2020-09-12
Crystal Palace,Southampton,1,0,2020-09-12
Liverpool,Leeds United,4,3,2020-09-12
West Ham United,Newcastle United,0,2,2020-09-12
West Bromwich Albion,Leicester City,0,3,2020-09-13
Tottenham Hotspur,Everton,0,1,2020-09-13
Brighton & Hove Albion,Chelsea,1,3,2020-09-14
,Wolverhampton Wanderers,0,2,2020-09-14
Everton,West Bromwich Albion,5,2,2020-09-19
Leeds United,Fulham,4,3,2020-09-19
Manchester United,Crystal Palace,1,3,2020-09-19
Arsenal,West Ham United,2,1,2020-09-19
Southampton,Tottenham Hotspur,2,5,2020-09-20
Newcastle United,Brighton & Hove Albion,0,3,2020-09-20
Chelsea,Liverpool,0,2,2020-09-20
Leicester City,Burnley,4,2,2020-09-20
Aston Villa,,1,0,2020-09-21
Wolverhampton Wanderers,Manchester City,1,3,2020-09-21
Brighton & Hove Albion,Manchester United,2,3,2020-09-26
Crystal Palace,Everton,1,2,2020-09-26
West Bromwich Albion,Chelsea,3,3,2020-09-26
Burnley,Southampton,0,1,2020-09-26
,Leeds United,0,1,2020-09-27
Tottenham Hotspur,Newcastle United,1,1,2020-09-27
Manchester City,Leicester City,2,5,2020-09-27
West Ham United,Wolverhampton Wanderers,4,0,2020-09-27
Fulham,Aston Villa,0,3,2020-09-28
Liverpool,Arsenal,3,1,2020-09-28
Chelsea,Crystal Palace,4,0,2020-10-03
Everton,Brighton & Hove Albion,4,2,2020-10-03
Leeds United,Manchester City,1,1,2020-10-03
Newcastle United,Burnley,3,1,2020-10-03
Leicester City,West Ham United,0,3,2020-10-04
Southampton,West Bromwich Albion,2,0,2020-10-04
Arsenal,,2,1,2020-10-04
Wolverhampton Wanderers,Fulham,1,0,2020-10-04
Manchester United,Tottenham Hotspur,1,6,2020-10-04
Aston Villa,Liverpool,7,2,2020-10-04
Everton,Liverpool,2,2,2020-10-17
Chelsea,Southampton,3,3,2020-10-17
Manchester City,Arsenal,1,0,2020-10-17
Newcastle United,Manchester United,1,4,2020-10-17
,Fulham,1,1,2020-10-18
Crystal Palace,Brighton & Hove Albion,1,1,2020-10-18
Tottenham Hotspur,West Ham United,3,3,2020-10-18
Leicester City,Aston Villa,0,1,2020-10-18
West Bromwich Albion,Burnley,0,0,2020-10-19
Leeds United,Wolverhampton Wanderers,0,1,2020-10-19
Aston Villa,Leeds United,0,3,2020-10-23
West Ham United,Manchester City,1,1,2020-10-24
Fulham,Crystal Palace,1,2,2020-10-24
Manchester United,Chelsea,0,0,2020-10-24
Liverpool,,2,1,2020-10-24
Southampton,Everton,2,0,2020-10-25
Wolverhampton Wanderers,Newcastle United,1,1,2020-10-25
Arsenal,Leicester City,0,1,2020-10-25
Brighton & Hove Albion,West Bromwich Albion,1,1,2020-10-26
Burnley,Tottenham Hotspur,0,1,2020-10-26
Wolverhampton Wanderers,Crystal Palace,2,0,2020-10-30
,Manchester City,0,1,2020-10-31
Burnley,Chelsea,0,3,2020-10-31
Liverpool,West Ham United,2,1,2020-10-31
Aston Villa,Southampton,3,4,2020-11-01
Newcastle United,Everton,2,1,2020-11-01
Manchester United,Arsenal,0,1,2020-11-01
Tottenham Hotspur,Brighton & Hove Albion,2,1,2020-11-01
Fulham,West Bromwich Albion,2,0,2020-11-02
Leeds United,Leicester City,1,4,2020-11-02
Brighton & Hove Albion,Burnley,0,0,2020-11-06
Southampton,Newcastle United,2,0,2020-11-06
Everton,Manchester United,1,3,2020-11-07
Crystal Palace,Leeds United,4,1,2020-11-07
Chelsea,,4,1,2020-11-07
West Ham United,Fulham,1,0,2020-11-07
West Bromwich Albion,Tottenham Hotspur,0,1,2020-11-08
Leicester City,Wolverhampton Wanderers,1,0,2020-11-08
Manchester City,Liverpool,1,1,2020-11-08
Arsenal,Aston Villa,0,3,2020-11-08
Newcastle United,Chelsea,0,2,2020-11-21
Aston Villa,Brighton & Hove Albion,1,2,2020-11-21
Tottenham Hotspur,Manchester City,2,0,2020-11-21
Manchester United,West Bromwich Albion,1,0,2020-11-21
Fulham,Everton,2,3,2020-11-22
,West Ham United,0,1,2020-11-22
Leeds United,Arsenal,0,0,2020-11-22
Liverpool,Leicester City,3,0,2020-11-22
Burnley,Crystal Palace,1,0,2020-11-23
Wolverhampton Wanderers,Southampton,1,1,2020-11-23
Crystal Palace,Newcastle United,0,2,2020-11-27
Brighton & Hove Albion,Liverpool,1,1,2020-11-28
Manchester City,Burnley,5,0,2020-11-28
Everton,Leeds United,0,1,2020-11-28
West Bromwich Albion,,1,0,2020-11-28
Southampton,Manchester United,2,3,2020-11-29
Chelsea,Tottenham Hotspur,0,0,2020-11-29
Arsenal,Wolverhampton Wanderers,1,2,2020-11-29
Leicester City,Fulham,1,2,2020-11-30
West Ham United,Aston Villa,2,1,2020-11-30
Burnley,Everton,1,1,2020-12-05
Manchester City,Fulham,2,0,2020-12-05
West Ham United,Manchester United,1,3,2020-12-05
Chelsea,Leeds United,3,1,2020-12-05
West Bromwich Albion,Crystal Palace,1,5,2020-12-06
,Leicester City,1,2,2020-12-06
Tottenham Hotspur,Arsenal,2,0,2020-12-06
Liverpool,Wolverhampton Wanderers,4,0,2020-12-06
Brighton & Hove Albion,Southampton,1,2,2020-12-07
Leeds United,West Ham United,1,2,2020-12-11
Wolverhampton Wanderers,Aston Villa,0,1,2020-12-12
Newcastle United,West Bromwich Albion,2,1,2020-12-12
Manchester United,Manchester City,0,0,2020-12-12
Everton,Chelsea,1,0,2020-12-12
Southampton,,3,0,2020-12-13
Crystal Palace,Tottenham Hotspur,1,1,2020-12-13
Fulham,Liverpool,1,1,2020-12-13
Arsenal,Burnley,0,1,2020-12-13
Leicester City,Brighton & Hove Albion,3,0,2020-12-13
Wolverhampton Wanderers,Chelsea,2,1,2020-12-15
Manchester City,West Bromwich Albion,1,1,2020-12-15
Arsenal,Southampton,1,1,2020-12-16
Leeds United,Newcastle United,5,2,2020-12-16
Leicester City,Everton,0,2,2020-12-16
Fulham,Brighton & Hove Albion,0,0,2020-12-16
Liverpool,Tottenham Hotspur,2,1,2020-12-16
West Ham United,Crystal Palace,1,1,2020-12-16
Aston Villa,Burnley,0,0,2020-12-17
,Manchester United,2,3,2020-12-17
Crystal Palace,Liverpool,0,7,2020-12-19
Southampton,Manchester City,0,1,2020-12-19
Everton,Arsenal,2,1,2020-12-19
Newcastle United,Fulham,1,1,2020-12-19
Brighton & Hove Albion,,1,1,2020-12-20
Tottenham Hotspur,Leicester City,0,2,2020-12-20
Manchester United,Leeds United,6,2,2020-12-20
West Bromwich Albion,Aston Villa,0,3,2020-12-20
Burnley,Wolverhampton Wanderers,2,1,2020-12-21
Chelsea,West Ham United,3,0,2020-12-21
Leicester City,Manchester United,2,2,2020-12-26
Aston Villa,Crystal Palace,3,0,2020-12-26
Fulham,Southampton,0,0,2020-12-26
Arsenal,Chelsea,3,1,2020-12-26
Manchester City,Newcastle United,2,0,2020-12-26
,Everton,0,1,2020-12-26
Leeds United,Burnley,1,0,2020-12-27
West Ham United,Brighton & Hove Albion,2,2,2020-12-27
Liverpool,West Bromwich Albion,1,1,2020-12-27
Wolverhampton Wanderers,Tottenham Hotspur,1,1,2020-12-27
Crystal Palace,Leicester City,1,1,2020-12-28
Chelsea,Aston Villa,1,1,2020-12-28
Brighton & Hove Albion,Arsenal,0,1,2020-12-29
Burnley,,1,0,2020-12-29
Southampton,West Ham United,0,0,2020-12-29
West Bromwich Albion,Leeds United,0,5,2020-12-29
Manchester United,Wolverhampton Wanderers,1,0,2020-12-29
Newcastle United,Liverpool,0,0,2020-12-30
Everton,West Ham United,0,1,2021-01-01
Manchester United,Aston Villa,2,1,2021-01-01
Tottenham Hotspur,Leeds United,3,0,2021-01-02
Crystal Palace,,2,0,2021-01-02
Brighton & Hove Albion,Wolverhampton Wanderers,3,3,2021-01-02
West Bromwich Albion,Arsenal,0,4,2021-01-02
Newcastle United,Leicester City,1,2,2021-01-03
Chelsea,Manchester City,1,3,2021-01-03
Southampton,Liverpool,1,0,2021-01-04
,Newcastle United,1,0,2021-01-12
Burnley,Manchester United,0,1,2021-01-12
Wolverhampton Wanderers,Everton,1,2,2021-01-12
Manchester City,Brighton & Hove Albion,1,0,2021-01-13
Tottenham Hotspur,Fulham,1,1,2021-01-13
Arsenal,Crystal Palace,0,0,2021-01-14
Wolverhampton Wanderers,West Bromwich Albion,2,3,2021-01-16
Leeds United,Brighton & Hove Albion,0,1,2021-01-16
West Ham United,Burnley,1,0,2021-01-16
Fulham,Chelsea,0,1,2021-01-16
Leicester City,Southampton,2,0,2021-01-16
,Tottenham Hotspur,1,3,2021-01-17
Liverpool,Manchester United,0,0,2021-01-17
Manchester City,Crystal Palace,4,0,2021-01-17
Arsenal,Newcastle United,3,0,2021-01-18
West Ham United,West Bromwich Albion,2,1,2021-01-19
Leicester City,Chelsea,2,0,2021-01-19
Manchester City,Aston Villa,2,0,2021-01-20
Fulham,Manchester United,1,2,2021-01-20
Liverpool,Burnley,0,1,2021-01-21
Aston Villa,Newcastle United,2,0,2021-01-23
Crystal Palace,West Ham United,2,3,2021-01-26
Newcastle United,Leeds United,1,2,2021-01-26
Southampton,Arsenal,1,3,2021-01-26
West Bromwich Albion,Manchester City,0,5,2021-01-26
Burnley,Aston Villa,3,2,2021-01-27
Chelsea,Wolverhampton Wanderers,0,0,2021-01-27
Brighton & Hove Albion,Fulham,0,0,2021-01-27
Everton,Leicester City,1,1,2021-01-27
Manchester United,,1,2,2021-01-27
Tottenham Hotspur,Liverpool,1,3,2021-01-28
Everton,Newcastle United,0,2,2021-01-30
Crystal Palace,Wolverhampton Wanderers,1,0,2021-01-30
Manchester City,,1,0,2021-01-30
West Bromwich Albion,Fulham,2,2,2021-01-30
Arsenal,Manchester United,0,0,2021-01-30
Southampton,Aston Villa,0,1,2021-01-30
Chelsea,Burnley,2,0,2021-01-31
Leicester City,Leeds United,1,3,2021-01-31
West Ham United,Liverpool,1,3,2021-01-31
Brighton & Hove Albion,Tottenham Hotspur,1,0,2021-01-31
,West Bromwich Albion,2,1,2021-02-02
Wolverhampton Wanderers,Arsenal,2,1,2021-02-02
Manchester United,Southampton,9,0,2021-02-02
Newcastle United,Crystal Palace,1,2,2021-02-02
Burnley,Manchester City,0,2,2021-02-03
Fulham,Leicester City,0,2,2021-02-03
Leeds United,Everton,1,2,2021-02-03
Aston Villa,West Ham United,1,3,2021-02-03
Liverpool,Brighton & Hove Albion,0,1,2021-02-03
Tottenham Hotspur,Chelsea,0,1,2021-02-04
Aston Villa,Arsenal,1,0,2021-02-06
Burnley,Brighton & Hove Albion,1,1,2021-02-06
Newcastle United,Southampton,3,2,2021-02-06
Fulham,West Ham United,0,0,2021-02-06
Manchester United,Everton,3,3,2021-02-06
Tottenham Hotspur,West Bromwich Albion,2,0,2021-02-07
Wolverhampton Wanderers,Leicester City,0,0,2021-02-07
Liverpool,Manchester City,1,4,2021-02-07
,Chelsea,1,2,2021-02-07
Leeds United,Crystal Palace,2,0,2021-02-08
Leicester City,Liverpool,3,1,2021-02-13
Crystal Palace,Burnley,0,3,2021-02-13
Manchester City,Tottenham Hotspur,3,0,2021-02-13
Brighton & Hove Albion,Aston Villa,0,0,2021-02-13
Southampton,Wolverhampton Wanderers,1,2,2021-02-14
West Bromwich Albion,Manchester United,1,1,2021-02-14
Arsenal,Leeds United,4,2,2021-02-14
Everton,Fulham,0,2,2021-02-14
West Ham United,,3,0,2021-02-15
Chelsea,Newcastle United,2,0,2021-02-15
Burnley,Fulham,1,1,2021-02-17
Everton,Manchester City,1,3,2021-02-17
Wolverhampton Wanderers,Leeds United,1,0,2021-02-19
Southampton,Chelsea,1,1,2021-02-20
Burnley,West Bromwich Albion,0,0,2021-02-20
Liverpool,Everton,0,2,2021-02-20
Fulham,,1,0,2021-02-20
West Ham United,Tottenham Hotspur,2,1,2021-02-21
Aston Villa,Leicester City,1,2,2021-02-21
Arsenal,Manchester City,0,1,2021-02-21
Manchester United,Newcastle United,3,1,2021-02-21
Brighton & Hove Albion,Crystal Palace,1,2,2021-02-22
Leeds United,Southampton,3,0,2021-02-23
Manchester City,West Ham United,2,1,2021-02-27
West Bromwich Albion,Brighton & Hove Albion,1,0,2021-02-27
Leeds United,Aston Villa,0,1,2021-02-27
Newcastle United,Wolverhampton Wanderers,1,1,2021-02-27
Crystal Palace,Fulham,0,0,2021-02-28
Leicester City,Arsenal,1,3,2021-02-28
Tottenham Hotspur,Burnley,4,0,2021-02-28
Chelsea,Manchester United,0,0,2021-02-28
,Liverpool,0,2,2021-02-28
Everton,Southampton,1,0,2021-03-01
Manchester City,Wolverhampton Wanderers,4,1,2021-03-02
Burnley,Leicester City,1,1,2021-03-03
,Aston Villa,1,0,2021-03-03
Crystal Palace,Manchester United,0,0,2021-03-03
Fulham,Tottenham Hotspur,0,1,2021-03-04
West Bromwich Albion,Everton,0,1,2021-03-04
Liverpool,Chelsea,0,1,2021-03-04
Burnley,Arsenal,1,1,2021-03-06
,Southampton,0,2,2021-03-06
Aston Villa,Wolverhampton Wanderers,0,0,2021-03-06
Brighton & Hove Albion,Leicester City,1,2,2021-03-06
West Bromwich Albion,Newcastle United,0,0,2021-03-07
Liverpool,Fulham,0,1,2021-03-07
Manchester City,Manchester United,0,2,2021-03-07
Tottenham Hotspur,Crystal Palace,4,1,2021-03-07
Chelsea,Everton,2,0,2021-03-08
West Ham United,Leeds United,2,0,2021-03-08
Manchester City,Southampton,5,2,2021-03-10
Newcastle United,Aston Villa,1,1,2021-03-12
Leeds United,Chelsea,0,0,2021-03-13
Crystal Palace,West Bromwich Albion,1,0,2021-03-13
Everton,Burnley,1,2,2021-03-13
Fulham,Manchester City,0,3,2021-03-13
Southampton,Brighton & Hove Albion,1,2,2021-03-14
Leicester City,,5,0,2021-03-14
Arsenal,Tottenham Hotspur,2,1,2021-03-14
Manchester United,West Ham United,1,0,2021-03-14
Wolverhampton Wanderers,Liverpool,0,1,2021-03-15
Fulham,Leeds United,1,2,2021-03-19
Brighton & Hove Albion,Newcastle United,3,0,2021-03-20
West Ham United,Arsenal,3,3,2021-03-21
Aston Villa,Tottenham Hotspur,0,2,2021-03-21
Chelsea,West Bromwich Albion,2,5,2021-04-03
Leeds United,,2,1,2021-04-03
Leicester City,Manchester City,0,2,2021-04-03
Arsenal,Liverpool,0,3,2021-04-03
Southampton,Burnley,3,2,2021-04-04
Newcastle United,Tottenham Hotspur,2,2,2021-04-04
Aston Villa,Fulham,3,1,2021-04-04
Manchester United,Brighton & Hove Albion,2,1,2021-04-04
Everton,Crystal Palace,1,1,2021-04-05
Wolverhampton Wanderers,West Ham United,2,3,2021-04-05
Fulham,Wolverhampton Wanderers,0,1,2021-04-09
Manchester City,Leeds United,1,2,2021-04-10
Liverpool,Aston Villa,2,1,2021-04-10
Crystal Palace,Chelsea,1,4,2021-04-10
Burnley,Newcastle United,1,2,2021-04-11
West Ham United,Leicester City,3,2,2021-04-11
Tottenham Hotspur,Manchester United,1,3,2021-04-11
,Arsenal,0,3,2021-04-11
West Bromwich Albion,Southampton,3,0,2021-04-12
Brighton & Hove Albion,Everton,0,0,2021-04-12
Everton,Tottenham Hotspur,2,2,2021-04-16
Newcastle United,West Ham United,3,2,2021-04-17
Wolverhampton Wanderers,,1,0,2021-04-17
Arsenal,Fulham,1,1,2021-04-18
Manchester United,Burnley,3,1,2021-04-18
Leeds United,Liverpool,1,1,2021-04-19
Chelsea,Brighton & Hove Albion,0,0,2021-04-20
Tottenham Hotspur,Southampton,2,1,2021-04-21
Aston Villa,Manchester City,1,2,2021-04-21
Leicester City,West Bromwich Albion,3,0,2021-04-22
Arsenal,Everton,0,1,2021-04-23
Liverpool,Newcastle United,1,1,2021-04-24
West Ham United,Chelsea,0,1,2021-04-24
,Brighton & Hove Albion,1,0,2021-04-24
Wolverhampton Wanderers,Burnley,0,4,2021-04-25
Leeds United,Manchester United,0,0,2021-04-25
Aston Villa,West Bromwich Albion,2,2,2021-04-25
Leicester City,Crystal Palace,2,1,2021-04-26
Southampton,Leicester City,1,1,2021-04-30
Crystal Palace,Manchester City,0,2,2021-05-01
Brighton & Hove Albion,Leeds United,2,0,2021-05-01
Chelsea,Fulham,2,0,2021-05-01
Everton,Aston Villa,1,2,2021-05-01
Newcastle United,Arsenal,0,2,2021-05-02
Tottenham Hotspur,,4,0,2021-05-02
West Bromwich Albion,Wolverhampton Wanderers,1,1,2021-05-03
Burnley,West Ham United,1,2,2021-05-03
Leicester City,Newcastle United,2,4,2021-05-07
Leeds United,Tottenham Hotspur,3,1,2021-05-08
,Crystal Palace,0,2,2021-05-08
Manchester City,Chelsea,1,2,2021-05-08
Liverpool,Southampton,2,0,2021-05-08
Wolverhampton Wanderers,Brighton & Hove Albion,2,1,2021-05-09
Aston Villa,Manchester United,1,3,2021-05-09
West Ham United,Everton,0,1,2021-05-09
Arsenal,West Bromwich Albion,3,1,2021-05-09
Fulham,Burnley,0,2,2021-05-10
Manchester United,Leicester City,1,2,2021-05-11
Southampton,Crystal Palace,3,1,2021-05-11
Chelsea,Arsenal,0,1,2021-05-12
Aston Villa,Everton,0,0,2021-05-13
Manchester United,Liverpool,2,4,2021-05-13
Newcastle United,Manchester City,3,4,2021-05-14
Burnley,Leeds United,0,4,2021-05-15
Southampton,Fulham,3,1,2021-05-15
Brighton & Hove Albion,West Ham United,1,1,2021-05-15
Crystal Palace,Aston Villa,3,2,2021-05-16
Tottenham Hotspur,Wolverhampton Wanderers,2,0,2021-05-16
West Bromwich Albion,Liverpool,1,2,2021-05-16
Everton,,0,1,2021-05-16
Manchester United,Fulham,1,1,2021-05-18
Southampton,Leeds United,0,2,2021-05-18
Brighton & Hove Albion,Manchester City,3,2,2021-05-18
Chelsea,Leicester City,2,1,2021-05-18
Everton,Wolverhampton Wanderers,1,0,2021-05-19
Newcastle United,,1,0,2021-05-19
Tottenham Hotspur,Aston Villa,1,2,2021-05-19
Crystal Palace,Arsenal,1,3,2021-05-19
Burnley,Liverpool,0,3,2021-05-19
West Bromwich Albion,West Ham United,1,3,2021-05-19
Arsenal,Brighton & Hove Albion,2,0,2021-05-23
Aston Villa,Chelsea,2,1,2021-05-23
Fulham,Newcastle United,0,2,2021-05-23
Leeds United,West Bromwich Albion,3,1,2021-05-23
Leicester City,Tottenham Hotspur,2,4,2021-05-23
Liverpool,Crystal Palace,2,0,2021-05-23
Manchester City,Everton,5,0,2021-05-23
,Burnley,1,0,2021-05-23
West Ham United,Southampton,3,0,2021-05-23
Wolverhampton Wanderers,Manchester United,1,2,2021-05-23
Brentford,Arsenal,2,0,2021-08-13
Manchester United,Leeds United,5,1,2021-08-14
Burnley,Brighton & Hove Albion,1,2,2021-08-14
Chelsea,Crystal Palace,3,0,2021-08-14
Everton,Southampton,3,1,2021-08-14
Leicester City,Wolverhampton Wanderers,1,0,2021-08-14
Watford,Aston Villa,3,2,2021-08-14
Norwich City,Liverpool,0,3,2021-08-14
Newcastle United,West Ham United,2,4,2021-08-15
Tottenham Hotspur,Manchester City,1,0,2021-08-15
Liverpool,Burnley,2,0,2021-08-21
Aston Villa,Newcastle United,2,0,2021-08-21
Crystal Palace,Brentford,0,0,2021-08-21
Leeds United,Everton,2,2,2021-08-21
Manchester City,Norwich City,5,0,2021-08-21
Brighton & Hove Albion,Watford,2,0,2021-08-21
Southampton,Manchester United,1,1,2021-08-22
Wolverhampton Wanderers,Tottenham Hotspur,0,1,2021-08-22
Arsenal,Chelsea,0,2,2021-08-22
West Ham United,Leicester City,4,1,2021-08-23
Manchester City,Arsenal,5,0,2021-08-28
Aston Villa,Brentford,1,1,2021-08-28
Brighton & Hove Albion,Everton,0,2,2021-08-28
Newcastle United,Southampton,2,2,2021-08-28
Norwich City,Leicester City,1,2,2021-08-28
West Ham United,Crystal Palace,2,2,2021-08-28
Liverpool,Chelsea,1,1,2021-08-28
Burnley,Leeds United,1,1,2021-08-29
Tottenham Hotspur,Watford,1,0,2021-08-29
Wolverhampton Wanderers,Manchester United,0,1,2021-08-29
Crystal Palace,Tottenham Hotspur,3,0,2021-09-11
Arsenal,Norwich City,1,0,2021-09-11
Brentford,Brighton & Hove Albion,0,1,2021-09-11
Leicester City,Manchester City,0,1,2021-09-11
Manchester United,Newcastle United,4,1,2021-09-11
Southampton,West Ham United,0,0,2021-09-11
Watford,Wolverhampton Wanderers,0,2,2021-09-11
Chelsea,Aston Villa,3,0,2021-09-11
Leeds United,Liverpool,0,3,2021-09-12
Everton,Burnley,3,1,2021-09-13
Newcastle United,Leeds United,1,1,2021-09-17
Wolverhampton Wanderers,Brentford,0,2,2021-09-18
Burnley,Arsenal,0,1,2021-09-18
Liverpool,Crystal Palace,3,0,2021-09-18
Manchester City,Southampton,0,0,2021-09-18
Norwich City,Watford,1,3,2021-09-18
Aston Villa,Everton,3,0,2021-09-18
Brighton & Hove Albion,Leicester City,2,1,2021-09-19
West Ham United,Manchester United,1,2,2021-09-19
Tottenham Hotspur,Chelsea,0,3,2021-09-19
Chelsea,Manchester City,0,1,2021-09-25
Manchester United,Aston Villa,0,1,2021-09-25
Everton,Norwich City,2,0,2021-09-25
Leeds United,West Ham United,1,2,2021-09-25
Leicester City,Burnley,2,2,2021-09-25
Watford,Newcastle United,1,1,2021-09-25
Brentford,Liverpool,3,3,2021-09-25
Southampton,Wolverhampton Wanderers,0,1,2021-09-26
Arsenal,Tottenham Hotspur,3,1,2021-09-26
Crystal Palace,Brighton & Hove Albion,1,1,2021-09-27
Manchester United,Everton,1,1,2021-10-02
Burnley,Norwich City,0,0,2021-10-02
Chelsea,Southampton,3,1,2021-10-02
Leeds United,Watford,1,0,2021-10-02
Wolverhampton Wanderers,Newcastle United,2,1,2021-10-02
Brighton & Hove Albion,Arsenal,0,0,2021-10-02
Crystal Palace,Leicester City,2,2,2021-10-03
Tottenham Hotspur,Aston Villa,2,1,2021-10-03
West Ham United,Brentford,1,2,2021-10-03
Liverpool,Manchester City,2,2,2021-10-03
Watford,Liverpool,0,5,2021-10-16
Aston Villa,Wolverhampton Wanderers,2,3,2021-10-16
Leicester City,Manchester United,4,2,2021-10-16
Manchester City,Burnley,2,0,2021-10-16
Norwich City,Brighton & Hove Albion,0,0,2021-10-16
Southampton,Leeds United,1,0,2021-10-16
Brentford,Chelsea,0,1,2021-10-16
Everton,West Ham United,0,1,2021-10-17
Newcastle United,Tottenham Hotspur,2,3,2021-10-17
Arsenal,Crystal Palace,2,2,2021-10-18
Arsenal,Aston Villa,3,1,2021-10-22
Chelsea,Norwich City,7,0,2021-10-23
Crystal Palace,Newcastle United,1,1,2021-10-23
Everton,Watford,2,5,2021-10-23
Leeds United,Wolverhampton Wanderers,1,1,2021-10-23
Southampton,Burnley,2,2,2021-10-23
Brighton & Hove Albion,Manchester City,1,4,2021-10-23
Brentford,Leicester City,1,2,2021-10-24
West Ham United,Tottenham Hotspur,1,0,2021-10-24
Manchester United,Liverpool,0,5,2021-10-24
Leicester City,Arsenal,0,2,2021-10-30
Burnley,Brentford,3,1,2021-10-30
Liverpool,Brighton & Hove Albion,2,2,2021-10-30
Manchester City,Crystal Palace,0,2,2021-10-30
Newcastle United,Chelsea,0,3,2021-10-30
Watford,Southampton,0,1,2021-10-30
Tottenham Hotspur,Manchester United,0,3,2021-10-30
Norwich City,Leeds United,1,2,2021-10-31
Aston Villa,West Ham United,1,4,2021-10-31
Wolverhampton Wanderers,Everton,2,1,2021-11-01
Southampton,Aston Villa,1,0,2021-11-05
Manchester United,Manchester City,0,2,2021-11-06
Brentford,Norwich City,1,2,2021-11-06
Chelsea,Burnley,1,1,2021-11-06
Crystal Palace,Wolverhampton Wanderers,2,0,2021-11-06
Brighton & Hove Albion,Newcastle United,1,1,2021-11-06
Arsenal,Watford,1,0,2021-11-07
Everton,Tottenham Hotspur,0,0,2021-11-07
Leeds United,Leicester City,1,1,2021-11-07
West Ham United,Liverpool,3,2,2021-11-07
Leicester City,Chelsea,0,3,2021-11-20
Aston Villa,Brighton & Hove Albion,2,0,2021-11-20
Burnley,Crystal Palace,3,3,2021-11-20
Newcastle United,Brentford,3,3,2021-11-20
Norwich City,Southampton,2,1,2021-11-20
Watford,Manchester United,4,1,2021-11-20
Wolverhampton Wanderers,West Ham United,1,0,2021-11-20
Liverpool,Arsenal,4,0,2021-11-20
Manchester City,Everton,3,0,2021-11-21
Tottenham Hotspur,Leeds United,2,1,2021-11-21
Arsenal,Newcastle United,2,0,2021-11-27
Crystal Palace,Aston Villa,1,2,2021-11-27
Liverpool,Southampton,4,0,2021-11-27
Norwich City,Wolverhampton Wanderers,0,0,2021-11-27
Brighton & Hove Albion,Leeds United,0,0,2021-11-27
Brentford,Everton,1,0,2021-11-28
Leicester City,Watford,4,2,2021-11-28
Manchester City,West Ham United,2,1,2021-11-28
Chelsea,Manchester United,1,1,2021-11-28
Newcastle United,Norwich City,1,1,2021-11-30
Leeds United,Crystal Palace,1,0,2021-11-30
Southampton,Leicester City,2,2,2021-12-01
Watford,Chelsea,1,2,2021-12-01
West Ham United,Brighton & Hove Albion,1,1,2021-12-01
Wolverhampton Wanderers,Burnley,0,0,2021-12-01
Aston Villa,Manchester City,1,2,2021-12-01
Everton,Liverpool,1,4,2021-12-01
Tottenham Hotspur,Brentford,2,0,2021-12-02
Manchester United,Arsenal,3,2,2021-12-02
West Ham United,Chelsea,3,2,2021-12-04
Newcastle United,Burnley,1,0,2021-12-04
Southampton,Brighton & Hove Albion,1,1,2021-12-04
Wolverhampton Wanderers,Liverpool,0,1,2021-12-04
Watford,Manchester City,1,3,2021-12-04
Leeds United,Brentford,2,2,2021-12-05
Manchester United,Crystal Palace,1,0,2021-12-05
Tottenham Hotspur,Norwich City,3,0,2021-12-05
Aston Villa,Leicester City,2,1,2021-12-05
Everton,Arsenal,2,1,2021-12-06
Brentford,Watford,2,1,2021-12-10
Manchester City,Wolverhampton Wanderers,1,0,2021-12-11
Arsenal,Southampton,3,0,2021-12-11
Chelsea,Leeds United,3,2,2021-12-11
Liverpool,Aston Villa,1,0,2021-12-11
Norwich City,Manchester United,0,1,2021-12-11
Burnley,West Ham United,0,0,2021-12-12
Leicester City,Newcastle United,4,0,2021-12-12
Crystal Palace,Everton,3,1,2021-12-12
Norwich City,Aston Villa,0,2,2021-12-14
Manchester City,Leeds United,7,0,2021-12-14
Brighton & Hove Albion,Wolverhampton Wanderers,0,1,2021-12-15
Crystal Palace,Southampton,2,2,2021-12-15
Arsenal,West Ham United,2,0,2021-12-15
Chelsea,Everton,1,1,2021-12-16
Liverpool,Newcastle United,3,1,2021-12-16
Leeds United,Arsenal,1,4,2021-12-18
Newcastle United,Manchester City,0,4,2021-12-19
Wolverhampton Wanderers,Chelsea,0,0,2021-12-19
Tottenham Hotspur,Liverpool,2,2,2021-12-19
Manchester City,Leicester City,6,3,2021-12-26
Norwich City,Arsenal,0,5,2021-12-26
Tottenham Hotspur,Crystal Palace,3,0,2021-12-26
West Ham United,Southampton,2,3,2021-12-26
Aston Villa,Chelsea,1,3,2021-12-26
Brighton & Hove Albion,Brentford,2,0,2021-12-26
Newcastle United,Manchester United,1,1,2021-12-27
Crystal Palace,Norwich City,3,0,2021-12-28
Southampton,Tottenham Hotspur,1,1,2021-12-28
Watford,West Ham United,1,4,2021-12-28
Leicester City,Liverpool,1,0,2021-12-28
Chelsea,Brighton & Hove Albion,1,1,2021-12-29
Brentford,Manchester City,0,1,2021-12-29
Manchester United,Burnley,3,1,2021-12-30
Arsenal,Manchester City,1,2,2022-01-01
Watford,Tottenham Hotspur,0,1,2022-01-01
Crystal Palace,West Ham United,2,3,2022-01-01
Brentford,Aston Villa,2,1,2022-01-02
Everton,Brighton & Hove Albion,2,3,2022-01-02
Leeds United,Burnley,3,1,2022-01-02
Chelsea,Liverpool,2,2,2022-01-02
Manchester United,Wolverhampton Wanderers,0,1,2022-01-03
Southampton,Brentford,4,1,2022-01-11
West Ham United,Norwich City,2,0,2022-01-12
Brighton & Hove Albion,Crystal Palace,1,1,2022-01-14
Manchester City,Chelsea,1,0,2022-01-15
Newcastle United,Watford,1,1,2022-01-15
Norwich City,Everton,2,1,2022-01-15
Wolverhampton Wanderers,Southampton,3,1,2022-01-15
Aston Villa,Manchester United,2,2,2022-01-15
Liverpool,Brentford,3,0,2022-01-16
West Ham United,Leeds United,2,3,2022-01-16
Brighton & Hove Albion,Chelsea,1,1,2022-01-18
Leicester City,Tottenham Hotspur,2,3,2022-01-19
Brentford,Manchester United,1,3,2022-01-19
Watford,Norwich City,0,3,2022-01-21
Everton,Aston Villa,0,1,2022-01-22
Brentford,Wolverhampton Wanderers,1,2,2022-01-22
Leeds United,Newcastle United,0,1,2022-01-22
Manchester United,West Ham United,1,0,2022-01-22
Southampton,Manchester City,1,1,2022-01-22
Arsenal,Burnley,0,0,2022-01-23
Crystal Palace,Liverpool,1,3,2022-01-23
Leicester City,Brighton & Hove Albion,1,1,2022-01-23
Chelsea,Tottenham Hotspur,2,0,2022-01-23
Burnley,Watford,0,0,2022-02-05
Newcastle United,Everton,3,1,2022-02-08
West Ham United,Watford,1,0,2022-02-08
Burnley,Manchester United,1,1,2022-02-08
Manchester City,Brentford,2,0,2022-02-09
Norwich City,Crystal Palace,1,1,2022-02-09
Tottenham Hotspur,Southampton,2,3,2022-02-09
Aston Villa,Leeds United,3,3,2022-02-09
Liverpool,Leicester City,2,0,2022-02-10
Wolverhampton Wanderers,Arsenal,0,1,2022-02-10
Manchester United,Southampton,1,1,2022-02-12
Brentford,Crystal Palace,0,0,2022-02-12
Everton,Leeds United,3,0,2022-02-12
Watford,Brighton & Hove Albion,0,2,2022-02-12
Norwich City,Manchester City,0,4,2022-02-12
Burnley,Liverpool,0,1,2022-02-13
Newcastle United,Aston Villa,1,0,2022-02-13
Tottenham Hotspur,Wolverhampton Wanderers,0,2,2022-02-13
Leicester City,West Ham United,2,2,2022-02-13
Manchester United,Brighton & Hove Albion,2,0,2022-02-15
West Ham United,Newcastle United,1,1,2022-02-19
Arsenal,Brentford,2,1,2022-02-19
Aston Villa,Watford,0,1,2022-02-19
Brighton & Hove Albion,Burnley,0,3,2022-02-19
Crystal Palace,Chelsea,0,1,2022-02-19
Liverpool,Norwich City,3,1,2022-02-19
Southampton,Everton,2,0,2022-02-19
Manchester City,Tottenham Hotspur,2,3,2022-02-19
Leeds United,Manchester United,2,4,2022-02-20
Wolverhampton Wanderers,Leicester City,2,1,2022-02-20
Burnley,Tottenham Hotspur,1,0,2022-02-23
Watford,Crystal Palace,1,4,2022-02-23
Liverpool,Leeds United,6,0,2022-02-23
Arsenal,Wolverhampton Wanderers,2,1,2022-02-24
Southampton,Norwich City,2,0,2022-02-25
Leeds United,Tottenham Hotspur,0,4,2022-02-26
Brentford,Newcastle United,0,2,2022-02-26
Crystal Palace,Burnley,1,1,2022-02-26
Manchester United,Watford,0,0,2022-02-26
Brighton & Hove Albion,Aston Villa,0,2,2022-02-26
Everton,Manchester City,0,1,2022-02-26
West Ham United,Wolverhampton Wanderers,1,0,2022-02-27
Burnley,Leicester City,0,2,2022-03-01
Leicester City,Leeds United,1,0,2022-03-05
Aston Villa,Southampton,4,0,2022-03-05
Burnley,Chelsea,0,4,2022-03-05
Newcastle United,Brighton & Hove Albion,2,1,2022-03-05
Norwich City,Brentford,1,3,2022-03-05
Wolverhampton Wanderers,Crystal Palace,0,2,2022-03-05
Liverpool,West Ham United,1,0,2022-03-05
Watford,Arsenal,2,3,2022-03-06
Manchester City,Manchester United,4,1,2022-03-06
Tottenham Hotspur,Everton,5,0,2022-03-07
Norwich City,Chelsea,1,3,2022-03-10
Southampton,Newcastle United,1,2,2022-03-10
Wolverhampton Wanderers,Watford,4,0,2022-03-10
Leeds United,Aston Villa,0,3,2022-03-10
Brighton & Hove Albion,Liverpool,0,2,2022-03-12
Brentford,Burnley,2,0,2022-03-12
Manchester United,Tottenham Hotspur,3,2,2022-03-12
Chelsea,Newcastle United,1,0,2022-03-13
Everton,Wolverhampton Wanderers,0,1,2022-03-13
Leeds United,Norwich City,2,1,2022-03-13
Southampton,Watford,1,2,2022-03-13
West Ham United,Aston Villa,2,1,2022-03-13
Arsenal,Leicester City,2,0,2022-03-13
Crystal Palace,Manchester City,0,0,2022-03-14
Brighton & Hove Albion,Tottenham Hotspur,0,2,2022-03-16
Arsenal,Liverpool,0,2,2022-03-16
Everton,Newcastle United,1,0,2022-03-17
Wolverhampton Wanderers,Leeds United,2,3,2022-03-18
Aston Villa,Arsenal,0,1,2022-03-19
Leicester City,Brentford,2,1,2022-03-20
Tottenham Hotspur,West Ham United,3,1,2022-03-20
Liverpool,Watford,2,0,2022-04-02
Brighton & Hove Albion,Norwich City,0,0,2022-04-02
Burnley,Manchester City,0,2,2022-04-02
Chelsea,Brentford,1,4,2022-04-02
Leeds United,Southampton,1,1,2022-04-02
Wolverhampton Wanderers,Aston Villa,2,1,2022-04-02
Manchester United,Leicester City,1,1,2022-04-02
West Ham United,Everton,2,1,2022-04-03
Tottenham Hotspur,Newcastle United,5,1,2022-04-03
Crystal Palace,Arsenal,3,0,2022-04-04
Burnley,Everton,3,2,2022-04-06
Newcastle United,Wolverhampton Wanderers,1,0,2022-04-08
Everton,Manchester United,1,0,2022-04-09
Arsenal,Brighton & Hove Albion,1,2,2022-04-09
Southampton,Chelsea,0,6,2022-04-09
Watford,Leeds United,0,3,2022-04-09
Aston Villa,Tottenham Hotspur,0,4,2022-04-09
Brentford,West Ham United,2,0,2022-04-10
Leicester City,Crystal Palace,2,1,2022-04-10
Norwich City,Burnley,2,0,2022-04-10
Manchester City,Liverpool,2,2,2022-04-10
Tottenham Hotspur,Brighton & Hove Albion,0,1,2022-04-16
Southampton,Arsenal,1,0,2022-04-16
Watford,Brentford,1,2,2022-04-16
Manchester United,Norwich City,3,2,2022-04-16
Newcastle United,Leicester City,2,1,2022-04-17
West Ham United,Burnley,1,1,2022-04-17
Liverpool,Manchester United,4,0,2022-04-19
Newcastle United,Crystal Palace,1,0,2022-04-20
Chelsea,Arsenal,2,4,2022-04-20
Everton,Leicester City,1,1,2022-04-20
Manchester City,Brighton & Hove Albion,3,0,2022-04-20
Burnley,Southampton,2,0,2022-04-21
Arsenal,Manchester United,3,1,2022-04-23
Leicester City,Aston Villa,0,0,2022-04-23
Norwich City,Newcastle United,0,3,2022-04-23
Manchester City,Watford,5,1,2022-04-23
Brentford,Tottenham Hotspur,0,0,2022-04-23
Burnley,Wolverhampton Wanderers,1,0,2022-04-24
Brighton & Hove Albion,Southampton,2,2,2022-04-24
Liverpool,Everton,2,0,2022-04-24
Crystal Palace,Leeds United,0,0,2022-04-25
Manchester United,Chelsea,1,1,2022-04-28
Newcastle United,Liverpool,0,1,2022-04-30
Southampton,Crystal Palace,1,2,2022-04-30
Wolverhampton Wanderers,Brighton & Hove Albion,0,3,2022-04-30
Watford,Burnley,1,2,2022-04-30
Aston Villa,Norwich City,2,0,2022-04-30
Leeds United,Manchester City,0,4,2022-04-30
Tottenham Hotspur,Leicester City,3,1,2022-05-01
Everton,Chelsea,1,0,2022-05-01
West Ham United,Arsenal,1,2,2022-05-01
Manchester United,Brentford,3,0,2022-05-02
Brentford,Southampton,3,0,2022-05-07
Burnley,Aston Villa,1,3,2022-05-07
Chelsea,Wolverhampton Wanderers,2,2,2022-05-07
Brighton & Hove Albion,Manchester United,4,0,2022-05-07
Liverpool,Tottenham Hotspur,1,1,2022-05-07
Leicester City,Everton,1,2,2022-05-08
Norwich City,West Ham United,0,4,2022-05-08
Manchester City,Newcastle United,5,0,2022-05-08
Aston Villa,Liverpool,1,2,2022-05-10
Watford,Everton,0,0,2022-05-11
Leicester City,Norwich City,3,0,2022-05-11
Wolverhampton Wanderers,Manchester City,1,5,2022-05-11
Tottenham Hotspur,Burnley,1,0,2022-05-15
West Ham United,Manchester City,2,2,2022-05-15
Leeds United,Brighton & Hove Albion,1,1,2022-05-15
Aston Villa,Crystal Palace,1,1,2022-05-15
Wolverhampton Wanderers,Norwich City,1,1,2022-05-15
Watford,Leicester City,1,5,2022-05-15
Newcastle United,Arsenal,2,0,2022-05-16
Southampton,Liverpool,1,2,2022-05-17
Everton,Crystal Palace,3,2,2022-05-19
Chelsea,Leicester City,1,1,2022-05-19
Norwich City,Tottenham Hotspur,0,5,2022-05-22
Brighton & Hove Albion,West Ham United,3,1,2022-05-22
Leicester City,Southampton,4,1,2022-05-22
Crystal Palace,Manchester United,1,0,2022-05-22
Burnley,Newcastle United,1,2,2022-05-22
Chelsea,Watford,2,1,2022-05-22
Arsenal,Everton,5,1,2022-05-22
Liverpool,Wolverhampton Wanderers,3,1,2022-05-22
Manchester City,Aston Villa,3,2,2022-05-22
Crystal Palace,Arsenal,0,2,2022-08-05
Fulham,Liverpool,2,2,2022-08-06
AFC Bournemouth,Aston Villa,2,0,2022-08-06
Newcastle United,Nottingham Forest,2,0,2022-08-06
Leeds United,Wolverhampton Wanderers,2,1,2022-08-06
Tottenham Hotspur,Southampton,4,1,2022-08-06
Manchester United,Brighton & Hove Albion,1,2,2022-08-07
Leicester City,Brentford,2,2,2022-08-07
West Ham United,Manchester City,0,2,2022-08-07
Aston Villa,Everton,2,1,2022-08-13
Southampton,Leeds United,2,2,2022-08-13
Brighton & Hove Albion,Newcastle United,0,0,2022-08-13
Arsenal,Leicester City,4,2,2022-08-13
Wolverhampton Wanderers,Fulham,0,0,2022-08-13
Manchester City,AFC Bournemouth,4,0,2022-08-13
Brentford,Manchester United,4,0,2022-08-13
Nottingham Forest,West Ham United,1,0,2022-08-14
Chelsea,Tottenham Hotspur,2,2,2022-08-14
Tottenham Hotspur,Wolverhampton Wanderers,1,0,2022-08-20
Fulham,Brentford,3,2,2022-08-20
Crystal Palace,Aston Villa,3,1,2022-08-20
Leicester City,Southampton,1,2,2022-08-20
Everton,Nottingham Forest,1,1,2022-08-20
AFC Bournemouth,Arsenal,0,3,2022-08-20
West Ham United,Brighton & Hove Albion,0,2,2022-08-21
Newcastle United,Manchester City,3,3,2022-08-21
Manchester United,Liverpool,2,1,2022-08-22
Southampton,Manchester United,0,1,2022-08-27
Manchester City,Crystal Palace,4,2,2022-08-27
Liverpool,AFC Bournemouth,9,0,2022-08-27
Brentford,Everton,1,1,2022-08-27
Brighton & Hove Albion,Leeds United,1,0,2022-08-27
Arsenal,Fulham,2,1,2022-08-27
Aston Villa,West Ham United,0,1,2022-08-28
Wolverhampton Wanderers,Newcastle United,1,1,2022-08-28
Nottingham Forest,Tottenham Hotspur,0,2,2022-08-28
Fulham,Brighton & Hove Albion,2,1,2022-08-30
Crystal Palace,Brentford,1,1,2022-08-30
Southampton,Chelsea,2,1,2022-08-30
Leeds United,Everton,1,1,2022-08-30
Manchester City,Nottingham Forest,6,0,2022-08-31
Arsenal,Aston Villa,2,1,2022-08-31
AFC Bournemouth,Wolverhampton Wanderers,0,0,2022-08-31
West Ham United,Tottenham Hotspur,1,1,2022-08-31
Liverpool,Newcastle United,2,1,2022-08-31
Leicester City,Manchester United,0,1,2022-09-01
Everton,Liverpool,0,0,2022-09-03
Brentford,Leeds United,5,2,2022-09-03
Tottenham Hotspur,Fulham,2,1,2022-09-03
Newcastle United,Crystal Palace,0,0,2022-09-03
Nottingham Forest,AFC Bournemouth,2,3,2022-09-03
Wolverhampton Wanderers,Southampton,1,0,2022-09-03
Chelsea,West Ham United,2,1,2022-09-03
Aston Villa,Manchester City,1,1,2022-09-03
Brighton & Hove Albion,Leicester City,5,2,2022-09-04
Manchester United,Arsenal,3,1,2022-09-04
Nottingham Forest,Fulham,2,3,2022-09-16
Aston Villa,Southampton,1,0,2022-09-16
Newcastle United,AFC Bournemouth,1,1,2022-09-17
Tottenham Hotspur,Leicester City,6,2,2022-09-17
Brentford,Arsenal,0,3,2022-09-18
Everton,West Ham United,1,0,2022-09-18
Southampton,Everton,1,2,2022-10-01
Crystal Palace,Chelsea,1,2,2022-10-01
AFC Bournemouth,Brentford,0,0,2022-10-01
Liverpool,Brighton & Hove Albion,3,3,2022-10-01
West Ham United,Wolverhampton Wanderers,2,0,2022-10-01
Manchester City,Manchester United,6,3,2022-10-02
Leicester City,Nottingham Forest,4,0,2022-10-03
Chelsea,Wolverhampton Wanderers,3,0,2022-10-08
Newcastle United,Brentford,5,1,2022-10-08
AFC Bournemouth,Leicester City,2,1,2022-10-08
Manchester City,Southampton,4,0,2022-10-08
Brighton & Hove Albion,Tottenham Hotspur,0,1,2022-10-08
West Ham United,Fulham,3,1,2022-10-09
Crystal Palace,Leeds United,2,1,2022-10-09
Arsenal,Liverpool,3,2,2022-10-09
Everton,Manchester United,1,2,2022-10-09
Nottingham Forest,Aston Villa,1,1,2022-10-10
Brentford,Brighton & Hove Albion,2,0,2022-10-14
Leicester City,Crystal Palace,0,0,2022-10-15
Wolverhampton Wanderers,Nottingham Forest,1,0,2022-10-15
Fulham,AFC Bournemouth,2,2,2022-10-15
Tottenham Hotspur,Everton,2,0,2022-10-15
Manchester United,Newcastle United,0,0,2022-10-16
Leeds United,Arsenal,0,1,2022-10-16
Aston Villa,Chelsea,0,2,2022-10-16
Southampton,West Ham United,1,1,2022-10-16
Liverpool,Manchester City,1,0,2022-10-16
Brighton & Hove Albion,Nottingham Forest,0,0,2022-10-18
Crystal Palace,Wolverhampton Wanderers,2,1,2022-10-18
Liverpool,West Ham United,1,0,2022-10-19
Brentford,Chelsea,0,0,2022-10-19
Newcastle United,Everton,1,0,2022-10-19
AFC Bournemouth,Southampton,0,1,2022-10-19
Manchester United,Tottenham Hotspur,2,0,2022-10-19
Leicester City,Leeds United,2,0,2022-10-20
Nottingham Forest,Liverpool,1,0,2022-10-22
Everton,Crystal Palace,3,0,2022-10-22
Manchester City,Brighton & Hove Albion,3,1,2022-10-22
Chelsea,Manchester United,1,1,2022-10-22
Aston Villa,Brentford,4,0,2022-10-23
Wolverhampton Wanderers,Leicester City,0,4,2022-10-23
Leeds United,Fulham,2,3,2022-10-23
Southampton,Arsenal,1,1,2022-10-23
Tottenham Hotspur,Newcastle United,1,2,2022-10-23
West Ham United,AFC Bournemouth,2,0,2022-10-24
Leicester City,Manchester City,0,1,2022-10-29
Brighton & Hove Albion,Chelsea,4,1,2022-10-29
AFC Bournemouth,Tottenham Hotspur,2,3,2022-10-29
Newcastle United,Aston Villa,4,0,2022-10-29
Crystal Palace,Southampton,1,0,2022-10-29
Fulham,Everton,0,0,2022-10-29
Liverpool,Leeds United,1,2,2022-10-29
Arsenal,Nottingham Forest,5,0,2022-10-30
Manchester United,West Ham United,1,0,2022-10-30
Nottingham Forest,Brentford,2,2,2022-11-05
Leeds United,AFC Bournemouth,4,3,2022-11-05
Everton,Leicester City,0,2,2022-11-05
Chelsea,Arsenal,0,1,2022-11-06
Aston Villa,Manchester United,3,1,2022-11-06
West Ham United,Crystal Palace,1,2,2022-11-06
Southampton,Newcastle United,1,4,2022-11-06
Tottenham Hotspur,Liverpool,1,2,2022-11-06
Manchester City,Brentford,1,2,2022-11-12
Liverpool,Southampton,3,1,2022-11-12
Nottingham Forest,Crystal Palace,1,0,2022-11-12
West Ham United,Leicester City,0,2,2022-11-12
AFC Bournemouth,Everton,3,0,2022-11-12
Newcastle United,Chelsea,1,0,2022-11-12
Wolverhampton Wanderers,Arsenal,0,2,2022-11-12
Brighton & Hove Albion,Aston Villa,1,2,2022-11-13
Fulham,Manchester United,1,2,2022-11-13
Brentford,Tottenham Hotspur,2,2,2022-12-26
Everton,Wolverhampton Wanderers,1,2,2022-12-26
Southampton,Brighton & Hove Albion,1,3,2022-12-26
Leicester City,Newcastle United,0,3,2022-12-26
Aston Villa,Liverpool,1,3,2022-12-26
Arsenal,West Ham United,3,1,2022-12-26
Chelsea,AFC Bournemouth,2,0,2022-12-27
Manchester United,Nottingham Forest,3,0,2022-12-27
Leeds United,Manchester City,1,3,2022-12-28
West Ham United,Brentford,0,2,2022-12-30
Liverpool,Leicester City,2,1,2022-12-30
Wolverhampton Wanderers,Manchester United,0,1,2022-12-31
Fulham,Southampton,2,1,2022-12-31
AFC Bournemouth,Crystal Palace,0,2,2022-12-31
Manchester City,Everton,1,1,2022-12-31
Newcastle United,Leeds United,0,0,2022-12-31
Brighton & Hove Albion,Arsenal,2,4,2022-12-31
Tottenham Hotspur,Aston Villa,0,2,2023-01-01
Nottingham Forest,Chelsea,1,1,2023-01-01
Brentford,Liverpool,3,1,2023-01-02
Leicester City,Fulham,0,1,2023-01-03
Everton,Brighton & Hove Albion,1,4,2023-01-03
Arsenal,Newcastle United,0,0,2023-01-03
Manchester United,AFC Bournemouth,3,0,2023-01-03
Southampton,Nottingham Forest,0,1,2023-01-04
Leeds United,West Ham United,2,2,2023-01-04
Crystal Palace,Tottenham Hotspur,0,4,2023-01-04
Aston Villa,Wolverhampton Wanderers,1,1,2023-01-04
Chelsea,Manchester City,0,1,2023-01-05
Aston Villa,Leeds United,2,1,2023-01-13
Manchester United,Manchester City,2,1,2023-01-14
Nottingham Forest,Leicester City,2,0,2023-01-14
Wolverhampton Wanderers,West Ham United,1,0,2023-01-14
Brighton & Hove Albion,Liverpool,3,0,2023-01-14
Everton,Southampton,1,2,2023-01-14
Brentford,AFC Bournemouth,2,0,2023-01-14
Chelsea,Crystal Palace,1,0,2023-01-15
Newcastle United,Fulham,1,0,2023-01-15
Tottenham Hotspur,Arsenal,0,2,2023-01-15
Crystal Palace,Manchester United,1,1,2023-01-18
Manchester City,Tottenham Hotspur,4,2,2023-01-19
Liverpool,Chelsea,0,0,2023-01-21
Southampton,Aston Villa,0,1,2023-01-21
West Ham United,Everton,2,0,2023-01-21
AFC Bournemouth,Nottingham Forest,1,1,2023-01-21
Leicester City,Brighton & Hove Albion,2,2,2023-01-21
Crystal Palace,Newcastle United,0,0,2023-01-21
Manchester City,Wolverhampton Wanderers,3,0,2023-01-22
Leeds United,Brentford,0,0,2023-01-22
Arsenal,Manchester United,3,2,2023-01-22
Fulham,Tottenham Hotspur,0,1,2023-01-23
Chelsea,Fulham,0,0,2023-02-03
Everton,Arsenal,1,0,2023-02-04
Aston Villa,Leicester City,2,4,2023-02-04
Wolverhampton Wanderers,Liverpool,3,0,2023-02-04
Brentford,Southampton,3,0,2023-02-04
Brighton & Hove Albion,AFC Bournemouth,1,0,2023-02-04
Newcastle United,West Ham United,1,1,2023-02-04
Nottingham Forest,Leeds United,1,0,2023-02-05
Manchester United,Leeds United,2,2,2023-02-08
West Ham United,Chelsea,1,1,2023-02-11
Crystal Palace,Brighton & Hove Albion,1,1,2023-02-11
Arsenal,Brentford,1,1,2023-02-11
Leicester City,Tottenham Hotspur,4,1,2023-02-11
Fulham,Nottingham Forest,2,0,2023-02-11
AFC Bournemouth,Newcastle United,1,1,2023-02-11
Leeds United,Manchester United,0,2,2023-02-12
Manchester City,Aston Villa,3,1,2023-02-12
Liverpool,Everton,2,0,2023-02-13
Arsenal,Manchester City,1,3,2023-02-15
Aston Villa,Arsenal,2,4,2023-02-18
Wolverhampton Wanderers,AFC Bournemouth,0,1,2023-02-18
Everton,Leeds United,1,0,2023-02-18
Nottingham Forest,Manchester City,1,1,2023-02-18
Brentford,Crystal Palace,1,1,2023-02-18
Brighton & Hove Albion,Fulham,0,1,2023-02-18
Chelsea,Southampton,0,1,2023-02-18
Manchester United,Leicester City,3,0,2023-02-19
Tottenham Hotspur,West Ham United,2,0,2023-02-19
Fulham,Wolverhampton Wanderers,1,1,2023-02-24
West Ham United,Nottingham Forest,4,0,2023-02-25
Leeds United,Southampton,1,0,2023-02-25
Everton,Aston Villa,0,2,2023-02-25
Leicester City,Arsenal,0,1,2023-02-25
AFC Bournemouth,Manchester City,1,4,2023-02-25
Crystal Palace,Liverpool,0,0,2023-02-25
Tottenham Hotspur,Chelsea,2,0,2023-02-26
Arsenal,Everton,4,0,2023-03-01
Liverpool,Wolverhampton Wanderers,2,0,2023-03-01
Manchester City,Newcastle United,2,0,2023-03-04
Brighton & Hove Albion,West Ham United,4,0,2023-03-04
Wolverhampton Wanderers,Tottenham Hotspur,1,0,2023-03-04
Chelsea,Leeds United,1,0,2023-03-04
Arsenal,AFC Bournemouth,3,2,2023-03-04
Southampton,Leicester City,1,0,2023-03-04
Nottingham Forest,Everton,2,2,2023-03-05
Liverpool,Manchester United,7,0,2023-03-05
Brentford,Fulham,3,2,2023-03-06
AFC Bournemouth,Liverpool,1,0,2023-03-11
Tottenham Hotspur,Nottingham Forest,3,1,2023-03-11
Leeds United,Brighton & Hove Albion,2,2,2023-03-11
Everton,Brentford,1,0,2023-03-11
Crystal Palace,Manchester City,0,1,2023-03-11
West Ham United,Aston Villa,1,1,2023-03-12
Fulham,Arsenal,0,3,2023-03-12
Newcastle United,Wolverhampton Wanderers,2,1,2023-03-12
Southampton,Brentford,0,2,2023-03-15
Brighton & Hove Albion,Crystal Palace,1,0,2023-03-15
Nottingham Forest,Newcastle United,1,2,2023-03-17
Southampton,Tottenham Hotspur,3,3,2023-03-18
Aston Villa,AFC Bournemouth,3,0,2023-03-18
Chelsea,Everton,2,2,2023-03-18
Arsenal,Crystal Palace,4,1,2023-03-19
Manchester City,Liverpool,4,1,2023-04-01
Crystal Palace,Leicester City,2,1,2023-04-01
AFC Bournemouth,Fulham,2,1,2023-04-01
Arsenal,Leeds United,4,1,2023-04-01
Nottingham Forest,Wolverhampton Wanderers,1,1,2023-04-01
Brighton & Hove Albion,Brentford,3,3,2023-04-01
Chelsea,Aston Villa,0,2,2023-04-01
West Ham United,Southampton,1,0,2023-04-02
Newcastle United,Manchester United,2,0,2023-04-02
AFC Bournemouth,Brighton & Hove Albion,0,2,2023-04-04
Leeds United,Nottingham Forest,2,1,2023-04-04
Chelsea,Liverpool,0,0,2023-04-04
Manchester United,Brentford,1,0,2023-04-05
West Ham United,Newcastle United,1,5,2023-04-05
Manchester United,Everton,2,0,2023-04-08
Wolverhampton Wanderers,Chelsea,1,0,2023-04-08
Fulham,West Ham United,0,1,2023-04-08
Leicester City,AFC Bournemouth,0,1,2023-04-08
Tottenham Hotspur,Brighton & Hove Albion,2,1,2023-04-08
Aston Villa,Nottingham Forest,2,0,2023-04-08
Brentford,Newcastle United,1,2,2023-04-08
Southampton,Manchester City,1,4,2023-04-08
Leeds United,Crystal Palace,1,5,2023-04-09
Liverpool,Arsenal,2,2,2023-04-09
Aston Villa,Newcastle United,3,0,2023-04-15
Everton,Fulham,1,3,2023-04-15
Wolverhampton Wanderers,Brentford,2,0,2023-04-15
Southampton,Crystal Palace,0,2,2023-04-15
Chelsea,Brighton & Hove Albion,1,2,2023-04-15
Tottenham Hotspur,AFC Bournemouth,2,3,2023-04-15
Manchester City,Leicester City,3,1,2023-04-15
West Ham United,Arsenal,2,2,2023-04-16
Nottingham Forest,Manchester United,0,2,2023-04-16
Leeds United,Liverpool,1,6,2023-04-17
Arsenal,Southampton,3,3,2023-04-21
Fulham,Leeds United,2,1,2023-04-22
Liverpool,Nottingham Forest,3,2,2023-04-22
Brentford,Aston Villa,1,1,2023-04-22
Leicester City,Wolverhampton Wanderers,2,1,2023-04-22
Newcastle United,Tottenham Hotspur,6,1,2023-04-23
AFC Bournemouth,West Ham United,0,4,2023-04-23
Wolverhampton Wanderers,Crystal Palace,2,0,2023-04-25
Aston Villa,Fulham,1,0,2023-04-25
Leeds United,Leicester City,1,1,2023-04-25
Nottingham Forest,Brighton & Hove Albion,3,1,2023-04-26
Chelsea,Brentford,0,2,2023-04-26
Manchester City,Arsenal,4,1,2023-04-26
Southampton,AFC Bournemouth,0,1,2023-04-27
Everton,Newcastle United,1,4,2023-04-27
Tottenham Hotspur,Manchester United,2,2,2023-04-27
Crystal Palace,West Ham United,4,3,2023-04-29
Brighton & Hove Albion,Wolverhampton Wanderers,6,0,2023-04-29
Brentford,Nottingham Forest,2,1,2023-04-29
Manchester United,Aston Villa,1,0,2023-04-30
Newcastle United,Southampton,3,1,2023-04-30
Fulham,Manchester City,1,2,2023-04-30
AFC Bournemouth,Leeds United,4,1,2023-04-30
Liverpool,Tottenham Hotspur,4,3,2023-04-30
Leicester City,Everton,2,2,2023-05-01
Arsenal,Chelsea,3,1,2023-05-02
Manchester City,West Ham United,3,0,2023-05-03
Liverpool,Fulham,1,0,2023-05-03
Brighton & Hove Albion,Manchester United,1,0,2023-05-04
Manchester City,Leeds United,2,1,2023-05-06
Wolverhampton Wanderers,Aston Villa,1,0,2023-05-06
Tottenham Hotspur,Crystal Palace,1,0,2023-05-06
AFC Bournemouth,Chelsea,1,3,2023-05-06
Liverpool,Brentford,1,0,2023-05-06
Newcastle United,Arsenal,0,2,2023-05-07
West Ham United,Manchester United,1,0,2023-05-07
Fulham,Leicester City,5,3,2023-05-08
Brighton & Hove Albion,Everton,1,5,2023-05-08
Nottingham Forest,Southampton,4,3,2023-05-08
Aston Villa,Tottenham Hotspur,2,1,2023-05-13
Chelsea,Nottingham Forest,2,2,2023-05-13
Southampton,Fulham,0,2,2023-05-13
Crystal Palace,AFC Bournemouth,2,0,2023-05-13
Manchester United,Wolverhampton Wanderers,2,0,2023-05-13
Brentford,West Ham United,2,0,2023-05-14
Everton,Manchester City,0,3,2023-05-14
Arsenal,Brighton & Hove Albion,0,3,2023-05-14
Leicester City,Liverpool,0,3,2023-05-15
Newcastle United,Brighton & Hove Albion,4,1,2023-05-18
Tottenham Hotspur,Brentford,1,3,2023-05-20
Fulham,Crystal Palace,2,2,2023-05-20
Liverpool,Aston Villa,1,1,2023-05-20
Wolverhampton Wanderers,Everton,1,1,2023-05-20
AFC Bournemouth,Manchester United,0,1,2023-05-20
Nottingham Forest,Arsenal,1,0,2023-05-20
West Ham United,Leeds United,3,1,2023-05-21
Brighton & Hove Albion,Southampton,3,1,2023-05-21
Manchester City,Chelsea,1,0,2023-05-21
Newcastle United,Leicester City,0,0,2023-05-22
Brighton & Hove Albion,Manchester City,1,1,2023-05-24
Manchester United,Chelsea,4,1,2023-05-25
Southampton,Liverpool,4,4,2023-05-28
Chelsea,Newcastle United,1,1,2023-05-28
Leeds United,Tottenham Hotspur,1,4,2023-05-28
Brentford,Manchester City,1,0,2023-05-28
Leicester City,West Ham United,2,1,2023-05-28
Everton,AFC Bournemouth,1,0,2023-05-28
Aston Villa,Brighton & Hove Albion,2,1,2023-05-28
Arsenal,Wolverhampton Wanderers,5,0,2023-05-28
Manchester United,Fulham,2,1,2023-05-28
Crystal Palace,Nottingham Forest,1,1,2023-05-28
Arsenal,Nottingham Forest,2,1,2023-08-12
Everton,Fulham,0,1,2023-08-12
Sheffield United,Crystal Palace,0,1,2023-08-12
Brighton & Hove Albion,Luton Town,4,1,2023-08-12
AFC Bournemouth,West Ham United,1,1,2023-08-12
Newcastle United,Aston Villa,5,1,2023-08-12
Brentford,Tottenham Hotspur,2,2,2023-08-13
Chelsea,Liverpool,1,1,2023-08-13
Manchester United,Wolverhampton Wanderers,1,0,2023-08-14
Nottingham Forest,Sheffield United,2,1,2023-08-18
Tottenham Hotspur,Manchester United,2,0,2023-08-19
Manchester City,Newcastle United,1,0,2023-08-19
Aston Villa,Everton,4,0,2023-08-20
Chelsea,Luton Town,3,0,2023-08-25
AFC Bournemouth,Tottenham Hotspur,0,2,2023-08-26
Brentford,Crystal Palace,1,1,2023-08-26
Everton,Wolverhampton Wanderers,0,1,2023-08-26
Brighton & Hove Albion,West Ham United,1,3,2023-08-26
Burnley,Aston Villa,1,3,2023-08-27
Sheffield United,Manchester City,1,2,2023-08-27
Luton Town,West Ham United,1,2,2023-09-01
Sheffield United,Everton,2,2,2023-09-02
Burnley,Tottenham Hotspur,2,5,2023-09-02
Brentford,AFC Bournemouth,2,2,2023-09-02
Manchester City,Fulham,5,1,2023-09-02
Chelsea,Nottingham Forest,0,1,2023-09-02
Brighton & Hove Albion,Newcastle United,3,1,2023-09-02
Crystal Palace,Wolverhampton Wanderers,3,2,2023-09-03
Liverpool,Aston Villa,3,0,2023-09-03
Arsenal,Manchester United,3,1,2023-09-03
Wolverhampton Wanderers,Liverpool,1,3,2023-09-16
Aston Villa,Crystal Palace,3,1,2023-09-16
West Ham United,Manchester City,1,3,2023-09-16
Manchester United,Brighton & Hove Albion,1,3,2023-09-16
Fulham,Luton Town,1,0,2023-09-16
Newcastle United,Brentford,1,0,2023-09-16
AFC Bournemouth,Chelsea,0,0,2023-09-17
Everton,Arsenal,0,1,2023-09-17
Crystal Palace,Fulham,0,0,2023-09-23
Brentford,Everton,1,3,2023-09-23
Burnley,Manchester United,0,1,2023-09-23
Brighton & Hove Albion,AFC Bournemouth,3,1,2023-09-24
Arsenal,Tottenham Hotspur,2,2,2023-09-24
Liverpool,West Ham United,3,1,2023-09-24
Sheffield United,Newcastle United,0,8,2023-09-24
Aston Villa,Brighton & Hove Albion,6,1,2023-09-30
Wolverhampton Wanderers,Manchester City,2,1,2023-09-30
Newcastle United,Burnley,2,0,2023-09-30
AFC Bournemouth,Arsenal,0,4,2023-09-30
Manchester United,Crystal Palace,0,1,2023-09-30
West Ham United,Sheffield United,2,0,2023-09-30
Everton,Luton Town,1,2,2023-09-30
Fulham,Chelsea,0,2,2023-10-02
Luton Town,Burnley,1,2,2023-10-03
Fulham,Sheffield United,3,1,2023-10-07
Burnley,Chelsea,1,4,2023-10-07
Everton,AFC Bournemouth,3,0,2023-10-07
Manchester United,Brentford,2,1,2023-10-07
Crystal Palace,Nottingham Forest,0,0,2023-10-07
Brighton & Hove Albion,Liverpool,2,2,2023-10-08
West Ham United,Newcastle United,2,2,2023-10-08
Arsenal,Manchester City,1,0,2023-10-08
Newcastle United,Crystal Palace,4,0,2023-10-21
Nottingham Forest,Luton Town,2,2,2023-10-21
Chelsea,Arsenal,2,2,2023-10-21
Sheffield United,Manchester United,1,2,2023-10-21
Aston Villa,West Ham United,4,1,2023-10-22
Crystal Palace,Tottenham Hotspur,1,2,2023-10-27
Chelsea,Brentford,0,2,2023-10-28
AFC Bournemouth,Burnley,2,1,2023-10-28
Arsenal,Sheffield United,5,0,2023-10-28
Wolverhampton Wanderers,Newcastle United,2,2,2023-10-28
Liverpool,Nottingham Forest,3,0,2023-10-29
Brighton & Hove Albion,Fulham,1,1,2023-10-29
Aston Villa,Luton Town,3,1,2023-10-29
Manchester United,Manchester City,0,3,2023-10-29
Fulham,Manchester United,0,1,2023-11-04
Manchester City,AFC Bournemouth,6,1,2023-11-04
Sheffield United,Wolverhampton Wanderers,2,1,2023-11-04
Burnley,Crystal Palace,0,2,2023-11-04
Everton,Brighton & Hove Albion,1,1,2023-11-04
Brentford,West Ham United,3,2,2023-11-04
Newcastle United,Arsenal,1,0,2023-11-04
Nottingham Forest,Aston Villa,2,0,2023-11-05
Luton Town,Liverpool,1,1,2023-11-05
Wolverhampton Wanderers,Tottenham Hotspur,2,1,2023-11-11
Crystal Palace,Everton,2,3,2023-11-11
Manchester United,Luton Town,1,0,2023-11-11
AFC Bournemouth,Newcastle United,2,0,2023-11-11
Liverpool,Brentford,3,0,2023-11-12
Aston Villa,Fulham,3,1,2023-11-12
West Ham United,Nottingham Forest,3,2,2023-11-12
Chelsea,Manchester City,4,4,2023-11-12
Manchester City,Liverpool,1,1,2023-11-25
Luton Town,Crystal Palace,2,1,2023-11-25
Sheffield United,AFC Bournemouth,1,3,2023-11-25
Burnley,West Ham United,1,2,2023-11-25
Brentford,Arsenal,0,1,2023-11-25
Tottenham Hotspur,Aston Villa,1,2,2023-11-26
Everton,Manchester United,0,3,2023-11-26
Fulham,Wolverhampton Wanderers,3,2,2023-11-27
Brentford,Luton Town,3,1,2023-12-02
Arsenal,Wolverhampton Wanderers,2,1,2023-12-02
Nottingham Forest,Everton,0,1,2023-12-02
Newcastle United,Manchester United,1,0,2023-12-02
Liverpool,Fulham,4,3,2023-12-03
AFC Bournemouth,Aston Villa,2,2,2023-12-03
West Ham United,Crystal Palace,1,1,2023-12-03
Manchester City,Tottenham Hotspur,3,3,2023-12-03
Wolverhampton Wanderers,Burnley,1,0,2023-12-05
Luton Town,Arsenal,3,4,2023-12-05
Sheffield United,Liverpool,0,2,2023-12-06
Brighton & Hove Albion,Brentford,2,1,2023-12-06
Crystal Palace,AFC Bournemouth,0,2,2023-12-06
Fulham,Nottingham Forest,5,0,2023-12-06
Aston Villa,Manchester City,1,0,2023-12-06
Manchester United,Chelsea,2,1,2023-12-06
Everton,Newcastle United,3,0,2023-12-07
Tottenham Hotspur,West Ham United,1,2,2023-12-07
Manchester United,AFC Bournemouth,0,3,2023-12-09
Brighton & Hove Albion,Burnley,1,1,2023-12-09
Wolverhampton Wanderers,Nottingham Forest,1,1,2023-12-09
Sheffield United,Brentford,1,0,2023-12-09
Aston Villa,Arsenal,1,0,2023-12-09
Fulham,West Ham United,5,0,2023-12-10
Luton Town,Manchester City,1,2,2023-12-10
Everton,Chelsea,2,0,2023-12-10
Tottenham Hotspur,Newcastle United,4,1,2023-12-10
Manchester City,Crystal Palace,2,2,2023-12-16
Chelsea,Sheffield United,2,0,2023-12-16
Burnley,Everton,0,2,2023-12-16
West Ham United,Wolverhampton Wanderers,3,0,2023-12-17
Arsenal,Brighton & Hove Albion,2,0,2023-12-17
Crystal Palace,Brighton & Hove Albion,1,1,2023-12-21
Aston Villa,Sheffield United,1,1,2023-12-22
West Ham United,Manchester United,2,0,2023-12-23
Luton Town,Newcastle United,1,0,2023-12-23
Fulham,Burnley,0,2,2023-12-23
Tottenham Hotspur,Everton,2,1,2023-12-23
Liverpool,Arsenal,1,1,2023-12-23
Wolverhampton Wanderers,Chelsea,2,1,2023-12-24
Newcastle United,Nottingham Forest,1,3,2023-12-26
AFC Bournemouth,Fulham,3,0,2023-12-26
Sheffield United,Luton Town,2,3,2023-12-26
Burnley,Liverpool,0,2,2023-12-26
Manchester United,Aston Villa,3,2,2023-12-26
Chelsea,Crystal Palace,2,1,2023-12-27
Brentford,Wolverhampton Wanderers,1,4,2023-12-27
Everton,Manchester City,1,3,2023-12-27
Brighton & Hove Albion,Tottenham Hotspur,4,2,2023-12-28
Arsenal,West Ham United,0,2,2023-12-28
Luton Town,Chelsea,2,3,2023-12-30
Crystal Palace,Brentford,3,1,2023-12-30
Manchester City,Sheffield United,2,0,2023-12-30
Wolverhampton Wanderers,Everton,3,0,2023-12-30
Nottingham Forest,Manchester United,2,1,2023-12-30
Fulham,Arsenal,2,1,2023-12-31
Tottenham Hotspur,AFC Bournemouth,3,1,2023-12-31
Liverpool,Newcastle United,4,2,2024-01-01
West Ham United,Brighton & Hove Albion,0,0,2024-01-02
Burnley,Luton Town,1,1,2024-01-12
Chelsea,Fulham,1,0,2024-01-13
Newcastle United,Manchester City,2,3,2024-01-13
Everton,Aston Villa,0,0,2024-01-14
Manchester United,Tottenham Hotspur,2,2,2024-01-14
Arsenal,Crystal Palace,5,0,2024-01-20
Brentford,Nottingham Forest,3,2,2024-01-20
AFC Bournemouth,Liverpool,0,4,2024-01-21
Brighton & Hove Albion,Wolverhampton Wanderers,0,0,2024-01-22
Nottingham Forest,Arsenal,1,2,2024-01-30
Fulham,Everton,0,0,2024-01-30
Luton Town,Brighton & Hove Albion,4,0,2024-01-30
Crystal Palace,Sheffield United,3,2,2024-01-30
Aston Villa,Newcastle United,1,3,2024-01-30
Tottenham Hotspur,Brentford,3,2,2024-01-31
Manchester City,Burnley,3,1,2024-01-31
Liverpool,Chelsea,4,1,2024-01-31
West Ham United,AFC Bournemouth,1,1,2024-02-01
Wolverhampton Wanderers,Manchester United,3,4,2024-02-01
Everton,Tottenham Hotspur,2,2,2024-02-03
Burnley,Fulham,2,2,2024-02-03
Brighton & Hove Albion,Crystal Palace,4,1,2024-02-03
Newcastle United,Luton Town,4,4,2024-02-03
Sheffield United,Aston Villa,0,5,2024-02-03
Chelsea,Wolverhampton Wanderers,2,4,2024-02-04
Manchester United,West Ham United,3,0,2024-02-04
Brentford,Manchester City,1,3,2024-02-05
Manchester City,Everton,2,0,2024-02-10
Tottenham Hotspur,Brighton & Hove Albion,2,1,2024-02-10
Wolverhampton Wanderers,Brentford,0,2,2024-02-10
Liverpool,Burnley,3,1,2024-02-10
Luton Town,Sheffield United,1,3,2024-02-10
Fulham,AFC Bournemouth,3,1,2024-02-10
Nottingham Forest,Newcastle United,2,3,2024-02-10
West Ham United,Arsenal,0,6,2024-02-11
Aston Villa,Manchester United,1,2,2024-02-11
Crystal Palace,Chelsea,1,3,2024-02-12
Brentford,Liverpool,1,4,2024-02-17
Fulham,Aston Villa,1,2,2024-02-17
Newcastle United,AFC Bournemouth,2,2,2024-02-17
Burnley,Arsenal,0,5,2024-02-17
Tottenham Hotspur,Wolverhampton Wanderers,1,2,2024-02-17
Manchester City,Chelsea,1,1,2024-02-17
Luton Town,Manchester United,1,2,2024-02-18
Everton,Crystal Palace,1,1,2024-02-19
Manchester City,Brentford,1,0,2024-02-20
Liverpool,Luton Town,4,1,2024-02-21
Aston Villa,Nottingham Forest,4,2,2024-02-24
Manchester United,Fulham,1,2,2024-02-24
AFC Bournemouth,Manchester City,0,1,2024-02-24
Arsenal,Newcastle United,4,1,2024-02-24
Wolverhampton Wanderers,Sheffield United,1,0,2024-02-25
West Ham United,Brentford,4,2,2024-02-26
Fulham,Brighton & Hove Albion,3,0,2024-03-02
Newcastle United,Wolverhampton Wanderers,3,0,2024-03-02
Everton,West Ham United,1,3,2024-03-02
Brentford,Chelsea,2,2,2024-03-02
Nottingham Forest,Liverpool,0,1,2024-03-02
Tottenham Hotspur,Crystal Palace,3,1,2024-03-02
Luton Town,Aston Villa,2,3,2024-03-02
Burnley,AFC Bournemouth,0,2,2024-03-03
Manchester City,Manchester United,3,1,2024-03-03
Sheffield United,Arsenal,0,6,2024-03-04
Manchester United,Everton,2,0,2024-03-09
Crystal Palace,Luton Town,1,1,2024-03-09
Wolverhampton Wanderers,Fulham,2,1,2024-03-09
AFC Bournemouth,Sheffield United,2,2,2024-03-09
Arsenal,Brentford,2,1,2024-03-09
Brighton & Hove Albion,Nottingham Forest,1,0,2024-03-10
West Ham United,Burnley,2,2,2024-03-10
Liverpool,Manchester City,1,1,2024-03-10
Chelsea,Newcastle United,3,2,2024-03-11
AFC Bournemouth,Luton Town,4,3,2024-03-13
Luton Town,Nottingham Forest,1,1,2024-03-16
Fulham,Tottenham Hotspur,3,0,2024-03-16
West Ham United,Aston Villa,1,1,2024-03-17
Sheffield United,Fulham,3,3,2024-03-30
Nottingham Forest,Crystal Palace,1,1,2024-03-30
Tottenham Hotspur,Luton Town,2,1,2024-03-30
AFC Bournemouth,Everton,2,1,2024-03-30
Aston Villa,Wolverhampton Wanderers,2,0,2024-03-30
Brentford,Manchester United,1,1,2024-03-30
Liverpool,Brighton & Hove Albion,2,1,2024-03-31
Manchester City,Arsenal,0,0,2024-03-31
Nottingham Forest,Fulham,3,1,2024-04-02
Newcastle United,Everton,1,1,2024-04-02
Burnley,Wolverhampton Wanderers,1,1,2024-04-02
AFC Bournemouth,Crystal Palace,1,0,2024-04-02
West Ham United,Tottenham Hotspur,1,1,2024-04-02
Arsenal,Luton Town,2,0,2024-04-03
Brentford,Brighton & Hove Albion,0,0,2024-04-03
Manchester City,Aston Villa,4,1,2024-04-03
Liverpool,Sheffield United,3,1,2024-04-04
Chelsea,Manchester United,4,3,2024-04-04
Crystal Palace,Manchester City,2,4,2024-04-06
Aston Villa,Brentford,3,3,2024-04-06
Wolverhampton Wanderers,West Ham United,1,2,2024-04-06
Fulham,Newcastle United,0,1,2024-04-06
Luton Town,AFC Bournemouth,2,1,2024-04-06
Brighton & Hove Albion,Arsenal,0,3,2024-04-06
Manchester United,Liverpool,2,2,2024-04-07
Sheffield United,Chelsea,2,2,2024-04-07
Tottenham Hotspur,Nottingham Forest,3,1,2024-04-07
Newcastle United,Tottenham Hotspur,4,0,2024-04-13
Burnley,Brighton & Hove Albion,1,1,2024-04-13
Manchester City,Luton Town,5,1,2024-04-13
Brentford,Sheffield United,2,0,2024-04-13
Nottingham Forest,Wolverhampton Wanderers,2,2,2024-04-13
AFC Bournemouth,Manchester United,2,2,2024-04-13
Liverpool,Crystal Palace,0,1,2024-04-14
West Ham United,Fulham,0,2,2024-04-14
Arsenal,Aston Villa,0,2,2024-04-14
Chelsea,Everton,6,0,2024-04-15
Sheffield United,Burnley,1,4,2024-04-20
Luton Town,Brentford,1,5,2024-04-20
Wolverhampton Wanderers,Arsenal,0,2,2024-04-20
Everton,Nottingham Forest,2,0,2024-04-21
Aston Villa,AFC Bournemouth,3,1,2024-04-21
Crystal Palace,West Ham United,5,2,2024-04-21
Fulham,Liverpool,1,3,2024-04-21
Arsenal,Chelsea,5,0,2024-04-23
Everton,Liverpool,2,0,2024-04-24
Crystal Palace,Newcastle United,2,0,2024-04-24
Manchester United,Sheffield United,4,2,2024-04-24
Brighton & Hove Albion,Manchester City,0,4,2024-04-25
West Ham United,Liverpool,2,2,2024-04-27
Wolverhampton Wanderers,Luton Town,2,1,2024-04-27
Manchester United,Burnley,1,1,2024-04-27
Fulham,Crystal Palace,1,1,2024-04-27
Newcastle United,Sheffield United,5,1,2024-04-27
Everton,Brentford,1,0,2024-04-27
Aston Villa,Chelsea,2,2,2024-04-27
Tottenham Hotspur,Arsenal,2,3,2024-04-28
AFC Bournemouth,Brighton & Hove Albion,3,0,2024-04-28
Nottingham Forest,Manchester City,0,2,2024-04-28
Chelsea,Tottenham Hotspur,2,0,2024-05-02
Luton Town,Everton,1,1,2024-05-03
Arsenal,AFC Bournemouth,3,0,2024-05-04
Brentford,Fulham,0,0,2024-05-04
Burnley,Newcastle United,1,4,2024-05-04
Manchester City,Wolverhampton Wanderers,5,1,2024-05-04
Chelsea,West Ham United,5,0,2024-05-05
Brighton & Hove Albion,Aston Villa,1,0,2024-05-05
Liverpool,Tottenham Hotspur,4,2,2024-05-05
Crystal Palace,Manchester United,4,0,2024-05-06
AFC Bournemouth,Brentford,1,2,2024-05-11
Newcastle United,Brighton & Hove Albion,1,1,2024-05-11
West Ham United,Luton Town,3,1,2024-05-11
Everton,Sheffield United,1,0,2024-05-11
Tottenham Hotspur,Burnley,2,1,2024-05-11
Nottingham Forest,Chelsea,2,3,2024-05-11
Manchester United,Arsenal,0,1,2024-05-12
Aston Villa,Liverpool,3,3,2024-05-13
Tottenham Hotspur,Manchester City,0,2,2024-05-14
Manchester United,Newcastle United,3,2,2024-05-15
Brighton & Hove Albion,Manchester United,0,2,2024-05-19
Manchester City,West Ham United,3,1,2024-05-19
Arsenal,Everton,2,1,2024-05-19
Crystal Palace,Aston Villa,5,0,2024-05-19
Brentford,Newcastle United,2,4,2024-05-19
Sheffield United,Tottenham Hotspur,0,3,2024-05-19
Chelsea,AFC Bournemouth,2,1,2024-05-19
Luton Town,Fulham,2,4,2024-05-19
Burnley,Nottingham Forest,1,2,2024-05-19
Manchester United,Fulham,1,0,2024-08-16
Ipswich Town,Liverpool,0,2,2024-08-17
Nottingham Forest,AFC Bournemouth,1,1,2024-08-17
Newcastle United,Southampton,1,0,2024-08-17
Arsenal,Wolverhampton Wanderers,2,0,2024-08-17
Everton,Brighton & Hove Albion,0,3,2024-08-17
West Ham United,Aston Villa,1,2,2024-08-17
Brentford,Crystal Palace,2,1,2024-08-18
Chelsea,Manchester City,0,2,2024-08-18
Leicester City,Tottenham Hotspur,1,1,2024-08-19
Brighton & Hove Albion,Manchester United,2,1,2024-08-24
Southampton,Nottingham Forest,0,1,2024-08-24
Fulham,Leicester City,2,1,2024-08-24
Crystal Palace,West Ham United,0,2,2024-08-24
Tottenham Hotspur,Everton,4,0,2024-08-24
Manchester City,Ipswich Town,4,1,2024-08-24
Aston Villa,Arsenal,0,2,2024-08-24
AFC Bournemouth,Newcastle United,1,1,2024-08-25
Wolverhampton Wanderers,Chelsea,2,6,2024-08-25
Liverpool,Brentford,2,0,2024-08-25
