Season,HomeTeam,AwayTeam,FTHG,FTAG,DateTime
2018-19,Arsenal,Fulham,4,1,2019-01-01 00:00:00+00:00
2018-19,Cardiff,Tottenham,0,3,2019-01-01 00:00:00+00:00
2018-19,Everton,Leicester,0,1,2019-01-01 00:00:00+00:00
2018-19,Bournemouth,Watford,3,3,2019-01-02 00:00:00+00:00
2018-19,Chelsea,Southampton,0,0,2019-01-02 00:00:00+00:00
2018-19,Huddersfield,Burnley,1,2,2019-01-02 00:00:00+00:00
2018-19,Newcastle,Man United,0,2,2019-01-02 00:00:00+00:00
2018-19,West Ham,Brighton,2,2,2019-01-02 00:00:00+00:00
2018-19,Wolves,Crystal Palace,0,2,2019-01-02 00:00:00+00:00
2018-19,Man City,Liverpool,2,1,2019-01-03 00:00:00+00:00
2018-19,Brighton,Liverpool,0,1,2019-01-12 00:00:00+00:00
2018-19,Burnley,Fulham,2,1,2019-01-12 00:00:00+00:00
2018-19,Cardiff,Huddersfield,0,0,2019-01-12 00:00:00+00:00
2018-19,Chelsea,Newcastle,2,1,2019-01-12 00:00:00+00:00
2018-19,Crystal Palace,Watford,1,2,2019-01-12 00:00:00+00:00
2018-19,Leicester,Southampton,1,2,2019-01-12 00:00:00+00:00
2018-19,West Ham,Arsenal,1,0,2019-01-12 00:00:00+00:00
2018-19,Everton,Bournemouth,2,0,2019-01-13 00:00:00+00:00
2018-19,Tottenham,Man United,0,1,2019-01-13 00:00:00+00:00
2018-19,Man City,Wolves,3,0,2019-01-14 00:00:00+00:00
2018-19,Arsenal,Chelsea,2,0,2019-01-19 00:00:00+00:00
2018-19,Bournemouth,West Ham,2,0,2019-01-19 00:00:00+00:00
2018-19,Liverpool,Crystal Palace,4,3,2019-01-19 00:00:00+00:00
2018-19,Man United,Brighton,2,1,2019-01-19 00:00:00+00:00
2018-19,Newcastle,Cardiff,3,0,2019-01-19 00:00:00+00:00
2018-19,Southampton,Everton,2,1,2019-01-19 00:00:00+00:00
2018-19,Watford,Burnley,0,0,2019-01-19 00:00:00+00:00
2018-19,Wolves,Leicester,4,3,2019-01-19 00:00:00+00:00
2018-19,Fulham,Tottenham,1,2,2019-01-20 00:00:00+00:00
2018-19,Huddersfield,Man City,0,3,2019-01-20 00:00:00+00:00
2018-19,Arsenal,Cardiff,2,1,2019-01-29 00:00:00+00:00
2018-19,Fulham,Brighton,4,2,2019-01-29 00:00:00+00:00
2018-19,Huddersfield,Everton,0,1,2019-01-29 00:00:00+00:00
2018-19,Man United,Burnley,2,2,2019-01-29 00:00:00+00:00
2018-19,Newcastle,Man City,2,1,2019-01-29 00:00:00+00:00
2018-19,Wolves,West Ham,3,0,2019-01-29 00:00:00+00:00
2018-19,Bournemouth,Chelsea,4,0,2019-01-30 00:00:00+00:00
2018-19,Liverpool,Leicester,1,1,2019-01-30 00:00:00+00:00
2018-19,Southampton,Crystal Palace,1,1,2019-01-30 00:00:00+00:00
2018-19,Tottenham,Watford,2,1,2019-01-30 00:00:00+00:00
2018-19,Brighton,Watford,0,0,2019-02-02 00:00:00+00:00
2018-19,Burnley,Southampton,1,1,2019-02-02 00:00:00+00:00
2018-19,Cardiff,Bournemouth,2,0,2019-02-02 00:00:00+00:00
2018-19,Chelsea,Huddersfield,5,0,2019-02-02 00:00:00+00:00
2018-19,Crystal Palace,Fulham,2,0,2019-02-02 00:00:00+00:00
2018-19,Everton,Wolves,1,3,2019-02-02 00:00:00+00:00
2018-19,Tottenham,Newcastle,1,0,2019-02-02 00:00:00+00:00
2018-19,Leicester,Man United,0,1,2019-02-03 00:00:00+00:00
2018-19,Man City,Arsenal,3,1,2019-02-03 00:00:00+00:00
2018-19,West Ham,Liverpool,1,1,2019-02-04 00:00:00+00:00
2018-19,Everton,Man City,0,2,2019-02-06 00:00:00+00:00
2018-19,Brighton,Burnley,1,3,2019-02-09 00:00:00+00:00
2018-19,Crystal Palace,West Ham,1,1,2019-02-09 00:00:00+00:00
2018-19,Fulham,Man United,0,3,2019-02-09 00:00:00+00:00
2018-19,Huddersfield,Arsenal,1,2,2019-02-09 00:00:00+00:00
2018-19,Liverpool,Bournemouth,3,0,2019-02-09 00:00:00+00:00
2018-19,Southampton,Cardiff,1,2,2019-02-09 00:00:00+00:00
2018-19,Watford,Everton,1,0,2019-02-09 00:00:00+00:00
2018-19,Man City,Chelsea,6,0,2019-02-10 00:00:00+00:00
2018-19,Tottenham,Leicester,3,1,2019-02-10 00:00:00+00:00
2018-19,Wolves,Newcastle,1,1,2019-02-11 00:00:00+00:00
2018-19,Cardiff,Watford,1,5,2019-02-22 00:00:00+00:00
2018-19,West Ham,Fulham,3,1,2019-02-22 00:00:00+00:00
2018-19,Bournemouth,Wolves,1,1,2019-02-23 00:00:00+00:00
2018-19,Burnley,Tottenham,2,1,2019-02-23 00:00:00+00:00
2018-19,Leicester,Crystal Palace,1,4,2019-02-23 00:00:00+00:00
2018-19,Newcastle,Huddersfield,2,0,2019-02-23 00:00:00+00:00
2018-19,Arsenal,Southampton,2,0,2019-02-24 00:00:00+00:00
2018-19,Man United,Liverpool,0,0,2019-02-24 00:00:00+00:00
2018-19,Cardiff,Everton,0,3,2019-02-26 00:00:00+00:00
2018-19,Huddersfield,Wolves,1,0,2019-02-26 00:00:00+00:00
2018-19,Leicester,Brighton,2,1,2019-02-26 00:00:00+00:00
2018-19,Newcastle,Burnley,2,0,2019-02-26 00:00:00+00:00
2018-19,Arsenal,Bournemouth,5,1,2019-02-27 00:00:00+00:00
2018-19,Chelsea,Tottenham,2,0,2019-02-27 00:00:00+00:00
2018-19,Crystal Palace,Man United,1,3,2019-02-27 00:00:00+00:00
2018-19,Liverpool,Watford,5,0,2019-02-27 00:00:00+00:00
2018-19,Man City,West Ham,1,0,2019-02-27 00:00:00+00:00
2018-19,Southampton,Fulham,2,0,2019-02-27 00:00:00+00:00
2018-19,Bournemouth,Man City,0,1,2019-03-02 00:00:00+00:00
2018-19,Brighton,Huddersfield,1,0,2019-03-02 00:00:00+00:00
2018-19,Burnley,Crystal Palace,1,3,2019-03-02 00:00:00+00:00
2018-19,Man United,Southampton,3,2,2019-03-02 00:00:00+00:00
2018-19,Tottenham,Arsenal,1,1,2019-03-02 00:00:00+00:00
2018-19,West Ham,Newcastle,2,0,2019-03-02 00:00:00+00:00
2018-19,Wolves,Cardiff,2,0,2019-03-02 00:00:00+00:00
2018-19,Everton,Liverpool,0,0,2019-03-03 00:00:00+00:00
2018-19,Fulham,Chelsea,1,2,2019-03-03 00:00:00+00:00
2018-19,Watford,Leicester,2,1,2019-03-03 00:00:00+00:00
2018-19,Cardiff,West Ham,2,0,2019-03-09 00:00:00+00:00
2018-19,Crystal Palace,Brighton,1,2,2019-03-09 00:00:00+00:00
2018-19,Huddersfield,Bournemouth,0,2,2019-03-09 00:00:00+00:00
2018-19,Leicester,Fulham,3,1,2019-03-09 00:00:00+00:00
2018-19,Man City,Watford,3,1,2019-03-09 00:00:00+00:00
2018-19,Newcastle,Everton,3,2,2019-03-09 00:00:00+00:00
2018-19,Southampton,Tottenham,2,1,2019-03-09 00:00:00+00:00
2018-19,Arsenal,Man United,2,0,2019-03-10 00:00:00+00:00
2018-19,Chelsea,Wolves,1,1,2019-03-10 00:00:00+00:00
2018-19,Liverpool,Burnley,4,2,2019-03-10 00:00:00+00:00
2018-19,Bournemouth,Newcastle,2,2,2019-03-16 00:00:00+00:00
2018-19,Burnley,Leicester,1,2,2019-03-16 00:00:00+00:00
2018-19,West Ham,Huddersfield,4,3,2019-03-16 00:00:00+00:00
2018-19,Everton,Chelsea,2,0,2019-03-17 00:00:00+00:00
2018-19,Fulham,Liverpool,1,2,2019-03-17 00:00:00+00:00
2018-19,Brighton,Southampton,0,1,2019-03-30 00:00:00+00:00
2018-19,Burnley,Wolves,2,0,2019-03-30 00:00:00+00:00
2018-19,Crystal Palace,Huddersfield,2,0,2019-03-30 00:00:00+00:00
2018-19,Fulham,Man City,0,2,2019-03-30 00:00:00+00:00
2018-19,Leicester,Bournemouth,2,0,2019-03-30 00:00:00+00:00
2018-19,Man United,Watford,2,1,2019-03-30 00:00:00+00:00
2018-19,West Ham,Everton,0,2,2019-03-30 00:00:00+00:00
2018-19,Cardiff,Chelsea,1,2,2019-03-31 00:00:00+00:00
2018-19,Liverpool,Tottenham,2,1,2019-03-31 00:00:00+00:00
2018-19,Arsenal,Newcastle,2,0,2019-04-01 00:00:00+00:00
2018-19,Watford,Fulham,4,1,2019-04-02 00:00:00+00:00
2018-19,Wolves,Man United,2,1,2019-04-02 00:00:00+00:00
2018-19,Chelsea,Brighton,3,0,2019-04-03 00:00:00+00:00
2018-19,Man City,Cardiff,2,0,2019-04-03 00:00:00+00:00
2018-19,Tottenham,Crystal Palace,2,0,2019-04-03 00:00:00+00:00
2018-19,Southampton,Liverpool,1,3,2019-04-05 00:00:00+00:00
2018-19,Bournemouth,Burnley,1,3,2019-04-06 00:00:00+00:00
2018-19,Huddersfield,Leicester,1,4,2019-04-06 00:00:00+00:00
2018-19,Newcastle,Crystal Palace,0,1,2019-04-06 00:00:00+00:00
2018-19,Everton,Arsenal,1,0,2019-04-07 00:00:00+00:00
2018-19,Chelsea,West Ham,2,0,2019-04-08 00:00:00+00:00
2018-19,Leicester,Newcastle,0,1,2019-04-12 00:00:00+00:00
2018-19,Brighton,Bournemouth,0,5,2019-04-13 00:00:00+00:00
2018-19,Burnley,Cardiff,2,0,2019-04-13 00:00:00+00:00
2018-19,Fulham,Everton,2,0,2019-04-13 00:00:00+00:00
2018-19,Man United,West Ham,2,1,2019-04-13 00:00:00+00:00
2018-19,Southampton,Wolves,3,1,2019-04-13 00:00:00+00:00
2018-19,Tottenham,Huddersfield,4,0,2019-04-13 00:00:00+00:00
2018-19,Crystal Palace,Man City,1,3,2019-04-14 00:00:00+00:00
2018-19,Liverpool,Chelsea,2,0,2019-04-14 00:00:00+00:00
2018-19,Watford,Arsenal,0,1,2019-04-15 00:00:00+00:00
2018-19,Brighton,Cardiff,0,2,2019-04-16 00:00:00+00:00
2018-19,Bournemouth,Fulham,0,1,2019-04-20 00:00:00+00:00
2018-19,Huddersfield,Watford,1,2,2019-04-20 00:00:00+00:00
2018-19,Man City,Tottenham,1,0,2019-04-20 00:00:00+00:00
2018-19,Newcastle,Southampton,3,1,2019-04-20 00:00:00+00:00
2018-19,West Ham,Leicester,2,2,2019-04-20 00:00:00+00:00
2018-19,Wolves,Brighton,0,0,2019-04-20 00:00:00+00:00
2018-19,Arsenal,Crystal Palace,2,3,2019-04-21 00:00:00+00:00
2018-19,Cardiff,Liverpool,0,2,2019-04-21 00:00:00+00:00
2018-19,Everton,Man United,4,0,2019-04-21 00:00:00+00:00
2018-19,Chelsea,Burnley,2,2,2019-04-22 00:00:00+00:00
2018-19,Tottenham,Brighton,1,0,2019-04-23 00:00:00+00:00
2018-19,Watford,Southampton,1,1,2019-04-23 00:00:00+00:00
2018-19,Man United,Man City,0,2,2019-04-24 00:00:00+00:00
2018-19,Wolves,Arsenal,3,1,2019-04-24 00:00:00+00:00
2018-19,Liverpool,Huddersfield,5,0,2019-04-26 00:00:00+00:00
2018-19,Brighton,Newcastle,1,1,2019-04-27 00:00:00+00:00
2018-19,Crystal Palace,Everton,0,0,2019-04-27 00:00:00+00:00
2018-19,Fulham,Cardiff,1,0,2019-04-27 00:00:00+00:00
2018-19,Southampton,Bournemouth,3,3,2019-04-27 00:00:00+00:00
2018-19,Tottenham,West Ham,0,1,2019-04-27 00:00:00+00:00
2018-19,Watford,Wolves,1,2,2019-04-27 00:00:00+00:00
2018-19,Burnley,Man City,0,1,2019-04-28 00:00:00+00:00
2018-19,Leicester,Arsenal,3,0,2019-04-28 00:00:00+00:00
2018-19,Man United,Chelsea,1,1,2019-04-28 00:00:00+00:00
2018-19,Everton,Burnley,2,0,2019-05-03 00:00:00+00:00
2018-19,Bournemouth,Tottenham,1,0,2019-05-04 00:00:00+00:00
2018-19,Cardiff,Crystal Palace,2,3,2019-05-04 00:00:00+00:00
2018-19,Newcastle,Liverpool,2,3,2019-05-04 00:00:00+00:00
2018-19,West Ham,Southampton,3,0,2019-05-04 00:00:00+00:00
2018-19,Wolves,Fulham,1,0,2019-05-04 00:00:00+00:00
2018-19,Arsenal,Brighton,1,1,2019-05-05 00:00:00+00:00
2018-19,Chelsea,Watford,3,0,2019-05-05 00:00:00+00:00
2018-19,Huddersfield,Man United,1,1,2019-05-05 00:00:00+00:00
2018-19,Man City,Leicester,1,0,2019-05-06 00:00:00+00:00
2018-19,Brighton,Man City,1,4,2019-05-12 00:00:00+00:00
2018-19,Burnley,Arsenal,1,3,2019-05-12 00:00:00+00:00
2018-19,Crystal Palace,Bournemouth,5,3,2019-05-12 00:00:00+00:00
2018-19,Fulham,Newcastle,0,4,2019-05-12 00:00:00+00:00
2018-19,Leicester,Chelsea,0,0,2019-05-12 00:00:00+00:00
2018-19,Liverpool,Wolves,2,0,2019-05-12 00:00:00+00:00
2018-19,Man United,Cardiff,0,2,2019-05-12 00:00:00+00:00
2018-19,Southampton,Huddersfield,1,1,2019-05-12 00:00:00+00:00
2018-19,Tottenham,Everton,2,2,2019-05-12 00:00:00+00:00
2018-19,Watford,West Ham,1,4,2019-05-12 00:00:00+00:00
2019-20,Liverpool,Norwich,4,1,2019-08-09 20:00:00+00:00
2019-20,West Ham,Man City,0,5,2019-08-10 12:30:00+00:00
2019-20,Bournemouth,Sheffield United,1,1,2019-08-10 15:00:00+00:00
2019-20,Burnley,Southampton,3,0,2019-08-10 15:00:00+00:00
2019-20,Crystal Palace,Everton,0,0,2019-08-10 15:00:00+00:00
2019-20,Watford,Brighton,0,3,2019-08-10 15:00:00+00:00
2019-20,Tottenham,Aston Villa,3,1,2019-08-10 17:30:00+00:00
2019-20,Leicester,Wolves,0,0,2019-08-11 14:00:00+00:00
2019-20,Newcastle,Arsenal,0,1,2019-08-11 14:00:00+00:00
2019-20,Man United,Chelsea,4,0,2019-08-11 16:30:00+00:00
2019-20,Arsenal,Burnley,2,1,2019-08-17 12:30:00+00:00
2019-20,Aston Villa,Bournemouth,1,2,2019-08-17 15:00:00+00:00
2019-20,Brighton,West Ham,1,1,2019-08-17 15:00:00+00:00
2019-20,Everton,Watford,1,0,2019-08-17 15:00:00+00:00
2019-20,Norwich,Newcastle,3,1,2019-08-17 15:00:00+00:00
2019-20,Southampton,Liverpool,1,2,2019-08-17 15:00:00+00:00
2019-20,Man City,Tottenham,2,2,2019-08-17 17:30:00+00:00
2019-20,Sheffield United,Crystal Palace,1,0,2019-08-18 14:00:00+00:00
2019-20,Chelsea,Leicester,1,1,2019-08-18 16:30:00+00:00
2019-20,Wolves,Man United,1,1,2019-08-19 20:00:00+00:00
2019-20,Aston Villa,Everton,2,0,2019-08-23 20:00:00+00:00
2019-20,Norwich,Chelsea,2,3,2019-08-24 12:30:00+00:00
2019-20,Brighton,Southampton,0,2,2019-08-24 15:00:00+00:00
2019-20,Man United,Crystal Palace,1,2,2019-08-24 15:00:00+00:00
2019-20,Sheffield United,Leicester,1,2,2019-08-24 15:00:00+00:00
2019-20,Watford,West Ham,1,3,2019-08-24 15:00:00+00:00
2019-20,Liverpool,Arsenal,3,1,2019-08-24 17:30:00+00:00
2019-20,Bournemouth,Man City,1,3,2019-08-25 14:00:00+00:00
2019-20,Tottenham,Newcastle,0,1,2019-08-25 16:30:00+00:00
2019-20,Wolves,Burnley,1,1,2019-08-25 16:30:00+00:00
2019-20,Southampton,Man United,1,1,2019-08-31 12:30:00+00:00
2019-20,Chelsea,Sheffield United,2,2,2019-08-31 15:00:00+00:00
2019-20,Crystal Palace,Aston Villa,1,0,2019-08-31 15:00:00+00:00
2019-20,Leicester,Bournemouth,3,1,2019-08-31 15:00:00+00:00
2019-20,Man City,Brighton,4,0,2019-08-31 15:00:00+00:00
2019-20,Newcastle,Watford,1,1,2019-08-31 15:00:00+00:00
2019-20,West Ham,Norwich,2,0,2019-08-31 15:00:00+00:00
2019-20,Burnley,Liverpool,0,3,2019-08-31 17:30:00+00:00
2019-20,Everton,Wolves,3,2,2019-09-01 14:00:00+00:00
2019-20,Arsenal,Tottenham,2,2,2019-09-01 16:30:00+00:00
2019-20,Liverpool,Newcastle,3,1,2019-09-14 12:30:00+00:00
2019-20,Brighton,Burnley,1,1,2019-09-14 15:00:00+00:00
2019-20,Man United,Leicester,1,0,2019-09-14 15:00:00+00:00
2019-20,Sheffield United,Southampton,0,1,2019-09-14 15:00:00+00:00
2019-20,Tottenham,Crystal Palace,4,0,2019-09-14 15:00:00+00:00
2019-20,Wolves,Chelsea,2,5,2019-09-14 15:00:00+00:00
2019-20,Norwich,Man City,3,2,2019-09-14 17:30:00+00:00
2019-20,Bournemouth,Everton,3,1,2019-09-15 14:00:00+00:00
2019-20,Watford,Arsenal,2,2,2019-09-15 16:30:00+00:00
2019-20,Aston Villa,West Ham,0,0,2019-09-16 20:00:00+00:00
2019-20,Southampton,Bournemouth,1,3,2019-09-20 20:00:00+00:00
2019-20,Leicester,Tottenham,2,1,2019-09-21 12:30:00+00:00
2019-20,Burnley,Norwich,2,0,2019-09-21 15:00:00+00:00
2019-20,Everton,Sheffield United,0,2,2019-09-21 15:00:00+00:00
2019-20,Man City,Watford,8,0,2019-09-21 15:00:00+00:00
2019-20,Newcastle,Brighton,0,0,2019-09-21 17:30:00+00:00
2019-20,Crystal Palace,Wolves,1,1,2019-09-22 14:00:00+00:00
2019-20,West Ham,Man United,2,0,2019-09-22 14:00:00+00:00
2019-20,Arsenal,Aston Villa,3,2,2019-09-22 16:30:00+00:00
2019-20,Chelsea,Liverpool,1,2,2019-09-22 16:30:00+00:00
2019-20,Sheffield United,Liverpool,0,1,2019-09-28 12:30:00+00:00
2019-20,Aston Villa,Burnley,2,2,2019-09-28 15:00:00+00:00
2019-20,Bournemouth,West Ham,2,2,2019-09-28 15:00:00+00:00
2019-20,Chelsea,Brighton,2,0,2019-09-28 15:00:00+00:00
2019-20,Crystal Palace,Norwich,2,0,2019-09-28 15:00:00+00:00
2019-20,Tottenham,Southampton,2,1,2019-09-28 15:00:00+00:00
2019-20,Wolves,Watford,2,0,2019-09-28 15:00:00+00:00
2019-20,Everton,Man City,1,3,2019-09-28 17:30:00+00:00
2019-20,Leicester,Newcastle,5,0,2019-09-29 16:30:00+00:00
2019-20,Man United,Arsenal,1,1,2019-09-30 20:00:00+00:00
2019-20,Brighton,Tottenham,3,0,2019-10-05 12:30:00+00:00
2019-20,Burnley,Everton,1,0,2019-10-05 15:00:00+00:00
2019-20,Liverpool,Leicester,2,1,2019-10-05 15:00:00+00:00
2019-20,Norwich,Aston Villa,1,5,2019-10-05 15:00:00+00:00
2019-20,Watford,Sheffield United,0,0,2019-10-05 15:00:00+00:00
2019-20,West Ham,Crystal Palace,1,2,2019-10-05 17:30:00+00:00
2019-20,Arsenal,Bournemouth,1,0,2019-10-06 14:00:00+00:00
2019-20,Man City,Wolves,0,2,2019-10-06 14:00:00+00:00
2019-20,Southampton,Chelsea,1,4,2019-10-06 14:00:00+00:00
2019-20,Newcastle,Man United,1,0,2019-10-06 16:30:00+00:00
2019-20,Everton,West Ham,2,0,2019-10-19 12:30:00+00:00
2019-20,Aston Villa,Brighton,2,1,2019-10-19 15:00:00+00:00
2019-20,Bournemouth,Norwich,0,0,2019-10-19 15:00:00+00:00
2019-20,Chelsea,Newcastle,1,0,2019-10-19 15:00:00+00:00
2019-20,Leicester,Burnley,2,1,2019-10-19 15:00:00+00:00
2019-20,Tottenham,Watford,1,1,2019-10-19 15:00:00+00:00
2019-20,Wolves,Southampton,1,1,2019-10-19 15:00:00+00:00
2019-20,Crystal Palace,Man City,0,2,2019-10-19 17:30:00+00:00
2019-20,Man United,Liverpool,1,1,2019-10-20 16:30:00+00:00
2019-20,Sheffield United,Arsenal,1,0,2019-10-21 20:00:00+00:00
2019-20,Southampton,Leicester,0,9,2019-10-25 20:00:00+00:00
2019-20,Man City,Aston Villa,3,0,2019-10-26 12:30:00+00:00
2019-20,Brighton,Everton,3,2,2019-10-26 15:00:00+00:00
2019-20,Watford,Bournemouth,0,0,2019-10-26 15:00:00+00:00
2019-20,West Ham,Sheffield United,1,1,2019-10-26 15:00:00+00:00
2019-20,Burnley,Chelsea,2,4,2019-10-26 17:30:00+00:00
2019-20,Newcastle,Wolves,1,1,2019-10-27 14:00:00+00:00
2019-20,Arsenal,Crystal Palace,2,2,2019-10-27 16:30:00+00:00
2019-20,Liverpool,Tottenham,2,1,2019-10-27 16:30:00+00:00
2019-20,Norwich,Man United,1,3,2019-10-27 16:30:00+00:00
2019-20,Bournemouth,Man United,1,0,2019-11-02 12:30:00+00:00
2019-20,Arsenal,Wolves,1,1,2019-11-02 15:00:00+00:00
2019-20,Aston Villa,Liverpool,1,2,2019-11-02 15:00:00+00:00
2019-20,Brighton,Norwich,2,0,2019-11-02 15:00:00+00:00
2019-20,Man City,Southampton,2,1,2019-11-02 15:00:00+00:00
2019-20,Sheffield United,Burnley,3,0,2019-11-02 15:00:00+00:00
2019-20,West Ham,Newcastle,2,3,2019-11-02 15:00:00+00:00
2019-20,Watford,Chelsea,1,2,2019-11-02 17:30:00+00:00
2019-20,Crystal Palace,Leicester,0,2,2019-11-03 14:00:00+00:00
2019-20,Everton,Tottenham,1,1,2019-11-03 16:30:00+00:00
2019-20,Norwich,Watford,0,2,2019-11-08 20:00:00+00:00
2019-20,Chelsea,Crystal Palace,2,0,2019-11-09 12:30:00+00:00
2019-20,Burnley,West Ham,3,0,2019-11-09 15:00:00+00:00
2019-20,Newcastle,Bournemouth,2,1,2019-11-09 15:00:00+00:00
2019-20,Southampton,Everton,1,2,2019-11-09 15:00:00+00:00
2019-20,Tottenham,Sheffield United,1,1,2019-11-09 15:00:00+00:00
2019-20,Leicester,Arsenal,2,0,2019-11-09 17:30:00+00:00
2019-20,Man United,Brighton,3,1,2019-11-10 14:00:00+00:00
2019-20,Wolves,Aston Villa,2,1,2019-11-10 14:00:00+00:00
2019-20,Liverpool,Man City,3,1,2019-11-10 16:30:00+00:00
2019-20,West Ham,Tottenham,2,3,2019-11-23 12:30:00+00:00
2019-20,Arsenal,Southampton,2,2,2019-11-23 15:00:00+00:00
2019-20,Bournemouth,Wolves,1,2,2019-11-23 15:00:00+00:00
2019-20,Brighton,Leicester,0,2,2019-11-23 15:00:00+00:00
2019-20,Crystal Palace,Liverpool,1,2,2019-11-23 15:00:00+00:00
2019-20,Everton,Norwich,0,2,2019-11-23 15:00:00+00:00
2019-20,Watford,Burnley,0,3,2019-11-23 15:00:00+00:00
2019-20,Man City,Chelsea,2,1,2019-11-23 17:30:00+00:00
2019-20,Sheffield United,Man United,3,3,2019-11-24 16:30:00+00:00
2019-20,Aston Villa,Newcastle,2,0,2019-11-25 20:00:00+00:00
2019-20,Newcastle,Man City,2,2,2019-11-30 12:30:00+00:00
2019-20,Burnley,Crystal Palace,0,2,2019-11-30 15:00:00+00:00
2019-20,Chelsea,West Ham,0,1,2019-11-30 15:00:00+00:00
2019-20,Liverpool,Brighton,2,1,2019-11-30 15:00:00+00:00
2019-20,Tottenham,Bournemouth,3,2,2019-11-30 15:00:00+00:00
2019-20,Southampton,Watford,2,1,2019-11-30 17:30:00+00:00
2019-20,Norwich,Arsenal,2,2,2019-12-01 14:00:00+00:00
2019-20,Wolves,Sheffield United,1,1,2019-12-01 14:00:00+00:00
2019-20,Leicester,Everton,2,1,2019-12-01 16:30:00+00:00
2019-20,Man United,Aston Villa,2,2,2019-12-01 16:30:00+00:00
2019-20,Crystal Palace,Bournemouth,1,0,2019-12-03 19:30:00+00:00
2019-20,Burnley,Man City,1,4,2019-12-03 20:15:00+00:00
2019-20,Chelsea,Aston Villa,2,1,2019-12-04 19:30:00+00:00
2019-20,Leicester,Watford,2,0,2019-12-04 19:30:00+00:00
2019-20,Man United,Tottenham,2,1,2019-12-04 19:30:00+00:00
2019-20,Southampton,Norwich,2,1,2019-12-04 19:30:00+00:00
2019-20,Wolves,West Ham,2,0,2019-12-04 19:30:00+00:00
2019-20,Liverpool,Everton,5,2,2019-12-04 20:15:00+00:00
2019-20,Sheffield United,Newcastle,0,2,2019-12-05 19:30:00+00:00
2019-20,Arsenal,Brighton,1,2,2019-12-05 20:15:00+00:00
2019-20,Everton,Chelsea,3,1,2019-12-07 12:30:00+00:00
2019-20,Bournemouth,Liverpool,0,3,2019-12-07 15:00:00+00:00
2019-20,Tottenham,Burnley,5,0,2019-12-07 15:00:00+00:00
2019-20,Watford,Crystal Palace,0,0,2019-12-07 15:00:00+00:00
2019-20,Man City,Man United,1,2,2019-12-07 17:30:00+00:00
2019-20,Aston Villa,Leicester,1,4,2019-12-08 14:00:00+00:00
2019-20,Newcastle,Southampton,2,1,2019-12-08 14:00:00+00:00
2019-20,Norwich,Sheffield United,1,2,2019-12-08 14:00:00+00:00
2019-20,Brighton,Wolves,2,2,2019-12-08 16:30:00+00:00
2019-20,West Ham,Arsenal,1,3,2019-12-09 20:00:00+00:00
2019-20,Liverpool,Watford,2,0,2019-12-14 12:30:00+00:00
2019-20,Burnley,Newcastle,1,0,2019-12-14 15:00:00+00:00
2019-20,Chelsea,Bournemouth,0,1,2019-12-14 15:00:00+00:00
2019-20,Leicester,Norwich,1,1,2019-12-14 15:00:00+00:00
2019-20,Sheffield United,Aston Villa,2,0,2019-12-14 15:00:00+00:00
2019-20,Southampton,West Ham,0,1,2019-12-14 17:30:00+00:00
2019-20,Man United,Everton,1,1,2019-12-15 14:00:00+00:00
2019-20,Wolves,Tottenham,1,2,2019-12-15 14:00:00+00:00
2019-20,Arsenal,Man City,0,3,2019-12-15 16:30:00+00:00
2019-20,Crystal Palace,Brighton,1,1,2019-12-16 19:45:00+00:00
2019-20,Everton,Arsenal,0,0,2019-12-21 12:30:00+00:00
2019-20,Aston Villa,Southampton,1,3,2019-12-21 15:00:00+00:00
2019-20,Bournemouth,Burnley,0,1,2019-12-21 15:00:00+00:00
2019-20,Brighton,Sheffield United,0,1,2019-12-21 15:00:00+00:00
2019-20,Newcastle,Crystal Palace,1,0,2019-12-21 15:00:00+00:00
2019-20,Norwich,Wolves,1,2,2019-12-21 15:00:00+00:00
2019-20,Man City,Leicester,3,1,2019-12-21 17:30:00+00:00
2019-20,Watford,Man United,2,0,2019-12-22 14:00:00+00:00
2019-20,Tottenham,Chelsea,0,2,2019-12-22 16:30:00+00:00
2019-20,Tottenham,Brighton,2,1,2019-12-26 12:30:00+00:00
2019-20,Aston Villa,Norwich,1,0,2019-12-26 15:00:00+00:00
2019-20,Bournemouth,Arsenal,1,1,2019-12-26 15:00:00+00:00
2019-20,Chelsea,Southampton,0,2,2019-12-26 15:00:00+00:00
2019-20,Crystal Palace,West Ham,2,1,2019-12-26 15:00:00+00:00
2019-20,Everton,Burnley,1,0,2019-12-26 15:00:00+00:00
2019-20,Sheffield United,Watford,1,1,2019-12-26 15:00:00+00:00
2019-20,Man United,Newcastle,4,1,2019-12-26 17:30:00+00:00
2019-20,Leicester,Liverpool,0,4,2019-12-26 20:00:00+00:00
2019-20,Wolves,Man City,3,2,2019-12-27 19:45:00+00:00
2019-20,Brighton,Bournemouth,2,0,2019-12-28 12:30:00+00:00
2019-20,Newcastle,Everton,1,2,2019-12-28 15:00:00+00:00
2019-20,Southampton,Crystal Palace,1,1,2019-12-28 15:00:00+00:00
2019-20,Watford,Aston Villa,3,0,2019-12-28 15:00:00+00:00
2019-20,Norwich,Tottenham,2,2,2019-12-28 17:30:00+00:00
2019-20,West Ham,Leicester,1,2,2019-12-28 17:30:00+00:00
2019-20,Burnley,Man United,0,2,2019-12-28 19:45:00+00:00
2019-20,Arsenal,Chelsea,1,2,2019-12-29 14:00:00+00:00
2019-20,Liverpool,Wolves,1,0,2019-12-29 16:30:00+00:00
2019-20,Man City,Sheffield United,2,0,2019-12-29 18:00:00+00:00
2019-20,Brighton,Chelsea,1,1,2020-01-01 12:30:00+00:00
2019-20,Burnley,Aston Villa,1,2,2020-01-01 12:30:00+00:00
2019-20,Newcastle,Leicester,0,3,2020-01-01 15:00:00+00:00
2019-20,Southampton,Tottenham,1,0,2020-01-01 15:00:00+00:00
2019-20,Watford,Wolves,2,1,2020-01-01 15:00:00+00:00
2019-20,Man City,Everton,2,1,2020-01-01 17:30:00+00:00
2019-20,Norwich,Crystal Palace,1,1,2020-01-01 17:30:00+00:00
2019-20,West Ham,Bournemouth,4,0,2020-01-01 17:30:00+00:00
2019-20,Arsenal,Man United,2,0,2020-01-01 20:00:00+00:00
2019-20,Liverpool,Sheffield United,2,0,2020-01-02 20:00:00+00:00
2019-20,Sheffield United,West Ham,1,0,2020-01-10 20:00:00+00:00
2019-20,Crystal Palace,Arsenal,1,1,2020-01-11 12:30:00+00:00
2019-20,Chelsea,Burnley,3,0,2020-01-11 15:00:00+00:00
2019-20,Everton,Brighton,1,0,2020-01-11 15:00:00+00:00
2019-20,Leicester,Southampton,1,2,2020-01-11 15:00:00+00:00
2019-20,Man United,Norwich,4,0,2020-01-11 15:00:00+00:00
2019-20,Wolves,Newcastle,1,1,2020-01-11 15:00:00+00:00
2019-20,Tottenham,Liverpool,0,1,2020-01-11 17:30:00+00:00
2019-20,Bournemouth,Watford,0,3,2020-01-12 14:00:00+00:00
2019-20,Aston Villa,Man City,1,6,2020-01-12 16:30:00+00:00
2019-20,Watford,Tottenham,0,0,2020-01-18 12:30:00+00:00
2019-20,Arsenal,Sheffield United,1,1,2020-01-18 15:00:00+00:00
2019-20,Brighton,Aston Villa,1,1,2020-01-18 15:00:00+00:00
2019-20,Man City,Crystal Palace,2,2,2020-01-18 15:00:00+00:00
2019-20,Norwich,Bournemouth,1,0,2020-01-18 15:00:00+00:00
2019-20,Southampton,Wolves,2,3,2020-01-18 15:00:00+00:00
2019-20,West Ham,Everton,1,1,2020-01-18 15:00:00+00:00
2019-20,Newcastle,Chelsea,1,0,2020-01-18 17:30:00+00:00
2019-20,Burnley,Leicester,2,1,2020-01-19 14:00:00+00:00
2019-20,Liverpool,Man United,2,0,2020-01-19 16:30:00+00:00
2019-20,Aston Villa,Watford,2,1,2020-01-21 19:30:00+00:00
2019-20,Bournemouth,Brighton,3,1,2020-01-21 19:30:00+00:00
2019-20,Crystal Palace,Southampton,0,2,2020-01-21 19:30:00+00:00
2019-20,Everton,Newcastle,2,2,2020-01-21 19:30:00+00:00
2019-20,Sheffield United,Man City,0,1,2020-01-21 19:30:00+00:00
2019-20,Chelsea,Arsenal,2,2,2020-01-21 20:15:00+00:00
2019-20,Leicester,West Ham,4,1,2020-01-22 19:30:00+00:00
2019-20,Tottenham,Norwich,2,1,2020-01-22 19:30:00+00:00
2019-20,Man United,Burnley,0,2,2020-01-22 20:15:00+00:00
2019-20,Wolves,Liverpool,1,2,2020-01-23 20:00:00+00:00
2019-20,West Ham,Liverpool,0,2,2020-01-29 19:45:00+00:00
2019-20,Leicester,Chelsea,2,2,2020-02-01 12:30:00+00:00
2019-20,Bournemouth,Aston Villa,2,1,2020-02-01 15:00:00+00:00
2019-20,Crystal Palace,Sheffield United,0,1,2020-02-01 15:00:00+00:00
2019-20,Liverpool,Southampton,4,0,2020-02-01 15:00:00+00:00
2019-20,Newcastle,Norwich,0,0,2020-02-01 15:00:00+00:00
2019-20,Watford,Everton,2,3,2020-02-01 15:00:00+00:00
2019-20,West Ham,Brighton,3,3,2020-02-01 15:00:00+00:00
2019-20,Man United,Wolves,0,0,2020-02-01 17:30:00+00:00
2019-20,Burnley,Arsenal,0,0,2020-02-02 14:00:00+00:00
2019-20,Tottenham,Man City,2,0,2020-02-02 16:30:00+00:00
2019-20,Everton,Crystal Palace,3,1,2020-02-08 12:30:00+00:00
2019-20,Brighton,Watford,1,1,2020-02-08 17:30:00+00:00
2019-20,Sheffield United,Bournemouth,2,1,2020-02-09 14:00:00+00:00
2019-20,Wolves,Leicester,0,0,2020-02-14 20:00:00+00:00
2019-20,Southampton,Burnley,1,2,2020-02-15 12:30:00+00:00
2019-20,Norwich,Liverpool,0,1,2020-02-15 17:30:00+00:00
2019-20,Aston Villa,Tottenham,2,3,2020-02-16 14:00:00+00:00
2019-20,Arsenal,Newcastle,4,0,2020-02-16 16:30:00+00:00
2019-20,Chelsea,Man United,0,2,2020-02-17 20:00:00+00:00
2019-20,Man City,West Ham,2,0,2020-02-19 19:30:00+00:00
2019-20,Chelsea,Tottenham,2,1,2020-02-22 12:30:00+00:00
2019-20,Burnley,Bournemouth,3,0,2020-02-22 15:00:00+00:00
2019-20,Crystal Palace,Newcastle,1,0,2020-02-22 15:00:00+00:00
2019-20,Sheffield United,Brighton,1,1,2020-02-22 15:00:00+00:00
2019-20,Southampton,Aston Villa,2,0,2020-02-22 15:00:00+00:00
2019-20,Leicester,Man City,0,1,2020-02-22 17:30:00+00:00
2019-20,Man United,Watford,3,0,2020-02-23 14:00:00+00:00
2019-20,Wolves,Norwich,3,0,2020-02-23 14:00:00+00:00
2019-20,Arsenal,Everton,3,2,2020-02-23 16:30:00+00:00
2019-20,Liverpool,West Ham,3,2,2020-02-24 20:00:00+00:00
2019-20,Norwich,Leicester,1,0,2020-02-28 20:00:00+00:00
2019-20,Brighton,Crystal Palace,0,1,2020-02-29 12:30:00+00:00
2019-20,Bournemouth,Chelsea,2,2,2020-02-29 15:00:00+00:00
2019-20,Newcastle,Burnley,0,0,2020-02-29 15:00:00+00:00
2019-20,West Ham,Southampton,3,1,2020-02-29 15:00:00+00:00
2019-20,Watford,Liverpool,3,0,2020-02-29 17:30:00+00:00
2019-20,Everton,Man United,1,1,2020-03-01 14:00:00+00:00
2019-20,Tottenham,Wolves,2,3,2020-03-01 14:00:00+00:00
2019-20,Liverpool,Bournemouth,2,1,2020-03-07 12:30:00+00:00
2019-20,Arsenal,West Ham,1,0,2020-03-07 15:00:00+00:00
2019-20,Crystal Palace,Watford,1,0,2020-03-07 15:00:00+00:00
2019-20,Sheffield United,Norwich,1,0,2020-03-07 15:00:00+00:00
2019-20,Southampton,Newcastle,0,1,2020-03-07 15:00:00+00:00
2019-20,Wolves,Brighton,0,0,2020-03-07 15:00:00+00:00
2019-20,Burnley,Tottenham,1,1,2020-03-07 17:30:00+00:00
2019-20,Chelsea,Everton,4,0,2020-03-08 14:00:00+00:00
2019-20,Man United,Man City,2,0,2020-03-08 16:30:00+00:00
2019-20,Leicester,Aston Villa,4,0,2020-03-09 20:00:00+00:00
2019-20,Aston Villa,Sheffield United,0,0,2020-06-17 18:00:00+00:00
2019-20,Man City,Arsenal,3,0,2020-06-17 20:15:00+00:00
2019-20,Norwich,Southampton,0,3,2020-06-19 18:00:00+00:00
2019-20,Tottenham,Man United,1,1,2020-06-19 20:15:00+00:00
2019-20,Watford,Leicester,1,1,2020-06-20 12:30:00+00:00
2019-20,Brighton,Arsenal,2,1,2020-06-20 15:00:00+00:00
2019-20,West Ham,Wolves,0,2,2020-06-20 17:30:00+00:00
2019-20,Bournemouth,Crystal Palace,0,2,2020-06-20 19:45:00+00:00
2019-20,Newcastle,Sheffield United,3,0,2020-06-21 14:00:00+00:00
2019-20,Aston Villa,Chelsea,1,2,2020-06-21 16:15:00+00:00
2019-20,Everton,Liverpool,0,0,2020-06-21 19:00:00+00:00
2019-20,Man City,Burnley,5,0,2020-06-22 20:00:00+00:00
2019-20,Leicester,Brighton,0,0,2020-06-23 18:00:00+00:00
2019-20,Tottenham,West Ham,2,0,2020-06-23 20:15:00+00:00
2019-20,Man United,Sheffield United,3,0,2020-06-24 18:00:00+00:00
2019-20,Newcastle,Aston Villa,1,1,2020-06-24 18:00:00+00:00
2019-20,Norwich,Everton,0,1,2020-06-24 18:00:00+00:00
2019-20,Wolves,Bournemouth,1,0,2020-06-24 18:00:00+00:00
2019-20,Liverpool,Crystal Palace,4,0,2020-06-24 20:15:00+00:00
2019-20,Burnley,Watford,1,0,2020-06-25 18:00:00+00:00
2019-20,Southampton,Arsenal,0,2,2020-06-25 18:00:00+00:00
2019-20,Chelsea,Man City,2,1,2020-06-25 20:15:00+00:00
2019-20,Aston Villa,Wolves,0,1,2020-06-27 12:30:00+00:00
2019-20,Watford,Southampton,1,3,2020-06-28 16:30:00+00:00
2019-20,Crystal Palace,Burnley,0,1,2020-06-29 20:00:00+00:00
2019-20,Brighton,Man United,0,3,2020-06-30 20:15:00+00:00
2019-20,Arsenal,Norwich,4,0,2020-07-01 18:00:00+00:00
2019-20,Bournemouth,Newcastle,1,4,2020-07-01 18:00:00+00:00
2019-20,Everton,Leicester,2,1,2020-07-01 18:00:00+00:00
2019-20,West Ham,Chelsea,3,2,2020-07-01 20:15:00+00:00
2019-20,Sheffield United,Tottenham,3,1,2020-07-02 18:00:00+00:00
2019-20,Man City,Liverpool,4,0,2020-07-02 20:15:00+00:00
2019-20,Norwich,Brighton,0,1,2020-07-04 12:30:00+00:00
2019-20,Leicester,Crystal Palace,3,0,2020-07-04 15:00:00+00:00
2019-20,Man United,Bournemouth,5,2,2020-07-04 15:00:00+00:00
2019-20,Wolves,Arsenal,0,2,2020-07-04 17:30:00+00:00
2019-20,Chelsea,Watford,3,0,2020-07-04 20:00:00+00:00
2019-20,Burnley,Sheffield United,1,1,2020-07-05 12:00:00+00:00
2019-20,Newcastle,West Ham,2,2,2020-07-05 14:15:00+00:00
2019-20,Liverpool,Aston Villa,2,0,2020-07-05 16:30:00+00:00
2019-20,Southampton,Man City,1,0,2020-07-05 19:00:00+00:00
2019-20,Tottenham,Everton,1,0,2020-07-06 20:00:00+00:00
2019-20,Crystal Palace,Chelsea,2,3,2020-07-07 18:00:00+00:00
2019-20,Watford,Norwich,2,1,2020-07-07 18:00:00+00:00
2019-20,Arsenal,Leicester,1,1,2020-07-07 20:15:00+00:00
2019-20,Man City,Newcastle,5,0,2020-07-08 18:00:00+00:00
2019-20,Sheffield United,Wolves,1,0,2020-07-08 18:00:00+00:00
2019-20,West Ham,Burnley,0,1,2020-07-08 18:00:00+00:00
2019-20,Brighton,Liverpool,1,3,2020-07-08 20:15:00+00:00
2019-20,Bournemouth,Tottenham,0,0,2020-07-09 18:00:00+00:00
2019-20,Everton,Southampton,1,1,2020-07-09 18:00:00+00:00
2019-20,Aston Villa,Man United,0,3,2020-07-09 20:15:00+00:00
2019-20,Norwich,West Ham,0,4,2020-07-11 12:30:00+00:00
2019-20,Watford,Newcastle,2,1,2020-07-11 12:30:00+00:00
2019-20,Liverpool,Burnley,1,1,2020-07-11 15:00:00+00:00
2019-20,Sheffield United,Chelsea,3,0,2020-07-11 17:30:00+00:00
2019-20,Brighton,Man City,0,5,2020-07-11 20:00:00+00:00
2019-20,Wolves,Everton,3,0,2020-07-12 12:00:00+00:00
2019-20,Aston Villa,Crystal Palace,2,0,2020-07-12 14:15:00+00:00
2019-20,Tottenham,Arsenal,2,1,2020-07-12 16:30:00+00:00
2019-20,Bournemouth,Leicester,4,1,2020-07-12 19:00:00+00:00
2019-20,Man United,Southampton,2,2,2020-07-13 20:00:00+00:00
2019-20,Chelsea,Norwich,1,0,2020-07-14 20:15:00+00:00
2019-20,Burnley,Wolves,1,1,2020-07-15 18:00:00+00:00
2019-20,Man City,Bournemouth,2,1,2020-07-15 18:00:00+00:00
2019-20,Newcastle,Tottenham,1,3,2020-07-15 18:00:00+00:00
2019-20,Arsenal,Liverpool,2,1,2020-07-15 20:15:00+00:00
2019-20,Everton,Aston Villa,1,1,2020-07-16 18:00:00+00:00
2019-20,Leicester,Sheffield United,2,0,2020-07-16 18:00:00+00:00
2019-20,Crystal Palace,Man United,0,2,2020-07-16 20:15:00+00:00
2019-20,Southampton,Brighton,1,1,2020-07-16 20:15:00+00:00
2019-20,West Ham,Watford,3,1,2020-07-17 20:00:00+00:00
2019-20,Norwich,Burnley,0,2,2020-07-18 17:30:00+00:00
2019-20,Bournemouth,Southampton,0,2,2020-07-19 14:00:00+00:00
2019-20,Tottenham,Leicester,3,0,2020-07-19 16:00:00+00:00
2019-20,Brighton,Newcastle,0,0,2020-07-20 18:00:00+00:00
2019-20,Sheffield United,Everton,0,1,2020-07-20 18:00:00+00:00
2019-20,Wolves,Crystal Palace,2,0,2020-07-20 20:15:00+00:00
2019-20,Watford,Man City,0,4,2020-07-21 18:00:00+00:00
2019-20,Aston Villa,Arsenal,1,0,2020-07-21 20:15:00+00:00
2019-20,Man United,West Ham,1,1,2020-07-22 18:00:00+00:00
2019-20,Liverpool,Chelsea,5,3,2020-07-22 20:15:00+00:00
2019-20,Arsenal,Watford,3,2,2020-07-26 16:00:00+00:00
2019-20,Burnley,Brighton,1,2,2020-07-26 16:00:00+00:00
2019-20,Chelsea,Wolves,2,0,2020-07-26 16:00:00+00:00
2019-20,Crystal Palace,Tottenham,1,1,2020-07-26 16:00:00+00:00
2019-20,Everton,Bournemouth,1,3,2020-07-26 16:00:00+00:00
2019-20,Leicester,Man United,0,2,2020-07-26 16:00:00+00:00
2019-20,Man City,Norwich,5,0,2020-07-26 16:00:00+00:00
2019-20,Newcastle,Liverpool,1,3,2020-07-26 16:00:00+00:00
2019-20,Southampton,Sheffield United,3,1,2020-07-26 16:00:00+00:00
2019-20,West Ham,Aston Villa,1,1,2020-07-26 16:00:00+00:00
2020-21,Fulham,Arsenal,0,3,2020-09-12 12:30:00+00:00
2020-21,Crystal Palace,Southampton,1,0,2020-09-12 15:00:00+00:00
2020-21,Liverpool,Leeds,4,3,2020-09-12 17:30:00+00:00
2020-21,West Ham,Newcastle,0,2,2020-09-12 20:00:00+00:00
2020-21,West Brom,Leicester,0,3,2020-09-13 14:00:00+00:00
2020-21,Tottenham,Everton,0,1,2020-09-13 16:30:00+00:00
2020-21,Brighton,Chelsea,1,3,2020-09-14 20:15:00+00:00
2020-21,Sheffield United,Wolves,0,2,2020-09-14 18:00:00+00:00
2020-21,Everton,West Brom,5,2,2020-09-19 12:30:00+00:00
2020-21,Leeds,Fulham,4,3,2020-09-19 15:00:00+00:00
2020-21,Man United,Crystal Palace,1,3,2020-09-19 17:30:00+00:00
2020-21,Arsenal,West Ham,2,1,2020-09-19 20:00:00+00:00
2020-21,Southampton,Tottenham,2,5,2020-09-20 12:00:00+00:00
2020-21,Newcastle,Brighton,0,3,2020-09-20 14:00:00+00:00
2020-21,Chelsea,Liverpool,0,2,2020-09-20 16:30:00+00:00
2020-21,Leicester,Burnley,4,2,2020-09-20 19:00:00+00:00
2020-21,Aston Villa,Sheffield United,1,0,2020-09-21 18:00:00+00:00
2020-21,Wolves,Man City,1,3,2020-09-21 20:15:00+00:00
2020-21,Brighton,Man United,2,3,2020-09-26 12:30:00+00:00
2020-21,Crystal Palace,Everton,1,2,2020-09-26 15:00:00+00:00
2020-21,West Brom,Chelsea,3,3,2020-09-26 17:30:00+00:00
2020-21,Burnley,Southampton,0,1,2020-09-26 20:00:00+00:00
2020-21,Sheffield United,Leeds,0,1,2020-09-27 12:00:00+00:00
2020-21,Tottenham,Newcastle,1,1,2020-09-27 14:00:00+00:00
2020-21,Man City,Leicester,2,5,2020-09-27 16:30:00+00:00
2020-21,West Ham,Wolves,4,0,2020-09-27 19:00:00+00:00
2020-21,Fulham,Aston Villa,0,3,2020-09-28 17:45:00+00:00
2020-21,Liverpool,Arsenal,3,1,2020-09-28 20:00:00+00:00
2020-21,Chelsea,Crystal Palace,4,0,2020-10-03 12:30:00+00:00
2020-21,Everton,Brighton,4,2,2020-10-03 15:00:00+00:00
2020-21,Leeds,Man City,1,1,2020-10-03 17:30:00+00:00
2020-21,Newcastle,Burnley,3,1,2020-10-03 20:00:00+00:00
2020-21,Leicester,West Ham,0,3,2020-10-04 12:00:00+00:00
2020-21,Southampton,West Brom,2,0,2020-10-04 12:00:00+00:00
2020-21,Arsenal,Sheffield United,2,1,2020-10-04 14:00:00+00:00
2020-21,Wolves,Fulham,1,0,2020-10-04 14:00:00+00:00
2020-21,Man United,Tottenham,1,6,2020-10-04 16:30:00+00:00
2020-21,Aston Villa,Liverpool,7,2,2020-10-04 19:15:00+00:00
2020-21,Everton,Liverpool,2,2,2020-10-17 12:30:00+00:00
2020-21,Chelsea,Southampton,3,3,2020-10-17 15:00:00+00:00
2020-21,Man City,Arsenal,1,0,2020-10-17 17:30:00+00:00
2020-21,Newcastle,Man United,1,4,2020-10-17 20:00:00+00:00
2020-21,Sheffield United,Fulham,1,1,2020-10-18 12:00:00+00:00
2020-21,Crystal Palace,Brighton,1,1,2020-10-18 14:00:00+00:00
2020-21,Tottenham,West Ham,3,3,2020-10-18 16:30:00+00:00
2020-21,Leicester,Aston Villa,0,1,2020-10-18 19:15:00+00:00
2020-21,West Brom,Burnley,0,0,2020-10-19 17:30:00+00:00
2020-21,Leeds,Wolves,0,1,2020-10-19 20:00:00+00:00
2020-21,Aston Villa,Leeds,0,3,2020-10-23 20:00:00+00:00
2020-21,West Ham,Man City,1,1,2020-10-24 12:30:00+00:00
2020-21,Fulham,Crystal Palace,1,2,2020-10-24 15:00:00+00:00
2020-21,Man United,Chelsea,0,0,2020-10-24 17:30:00+00:00
2020-21,Liverpool,Sheffield United,2,1,2020-10-24 20:00:00+00:00
2020-21,Southampton,Everton,2,0,2020-10-25 14:00:00+00:00
2020-21,Wolves,Newcastle,1,1,2020-10-25 16:30:00+00:00
2020-21,Arsenal,Leicester,0,1,2020-10-25 19:15:00+00:00
2020-21,Brighton,West Brom,1,1,2020-10-26 17:30:00+00:00
2020-21,Burnley,Tottenham,0,1,2020-10-26 20:00:00+00:00
2020-21,Wolves,Crystal Palace,2,0,2020-10-30 20:00:00+00:00
2020-21,Sheffield United,Man City,0,1,2020-10-31 12:30:00+00:00
2020-21,Burnley,Chelsea,0,3,2020-10-31 15:00:00+00:00
2020-21,Liverpool,West Ham,2,1,2020-10-31 17:30:00+00:00
2020-21,Aston Villa,Southampton,3,4,2020-11-01 12:00:00+00:00
2020-21,Newcastle,Everton,2,1,2020-11-01 14:00:00+00:00
2020-21,Man United,Arsenal,0,1,2020-11-01 16:30:00+00:00
2020-21,Tottenham,Brighton,2,1,2020-11-01 19:15:00+00:00
2020-21,Fulham,West Brom,2,0,2020-11-02 17:30:00+00:00
2020-21,Leeds,Leicester,1,4,2020-11-02 20:00:00+00:00
2020-21,Brighton,Burnley,0,0,2020-11-06 17:30:00+00:00
2020-21,Southampton,Newcastle,2,0,2020-11-06 20:00:00+00:00
2020-21,Everton,Man United,1,3,2020-11-07 12:30:00+00:00
2020-21,Crystal Palace,Leeds,4,1,2020-11-07 15:00:00+00:00
2020-21,Chelsea,Sheffield United,4,1,2020-11-07 17:30:00+00:00
2020-21,West Ham,Fulham,1,0,2020-11-07 20:00:00+00:00
2020-21,West Brom,Tottenham,0,1,2020-11-08 12:00:00+00:00
2020-21,Leicester,Wolves,1,0,2020-11-08 14:00:00+00:00
2020-21,Man City,Liverpool,1,1,2020-11-08 16:30:00+00:00
2020-21,Arsenal,Aston Villa,0,3,2020-11-08 19:15:00+00:00
2020-21,Newcastle,Chelsea,0,2,2020-11-21 12:30:00+00:00
2020-21,Aston Villa,Brighton,1,2,2020-11-21 15:00:00+00:00
2020-21,Tottenham,Man City,2,0,2020-11-21 17:30:00+00:00
2020-21,Man United,West Brom,1,0,2020-11-21 20:00:00+00:00
2020-21,Fulham,Everton,2,3,2020-11-22 12:00:00+00:00
2020-21,Sheffield United,West Ham,0,1,2020-11-22 14:00:00+00:00
2020-21,Leeds,Arsenal,0,0,2020-11-22 16:30:00+00:00
2020-21,Liverpool,Leicester,3,0,2020-11-22 19:15:00+00:00
2020-21,Burnley,Crystal Palace,1,0,2020-11-23 17:30:00+00:00
2020-21,Wolves,Southampton,1,1,2020-11-23 20:00:00+00:00
2020-21,Crystal Palace,Newcastle,0,2,2020-11-27 20:00:00+00:00
2020-21,Brighton,Liverpool,1,1,2020-11-28 12:30:00+00:00
2020-21,Man City,Burnley,5,0,2020-11-28 15:00:00+00:00
2020-21,Everton,Leeds,0,1,2020-11-28 17:30:00+00:00
2020-21,West Brom,Sheffield United,1,0,2020-11-28 20:00:00+00:00
2020-21,Southampton,Man United,2,3,2020-11-29 14:00:00+00:00
2020-21,Chelsea,Tottenham,0,0,2020-11-29 16:30:00+00:00
2020-21,Arsenal,Wolves,1,2,2020-11-29 19:15:00+00:00
2020-21,Leicester,Fulham,1,2,2020-11-30 17:30:00+00:00
2020-21,West Ham,Aston Villa,2,1,2020-11-30 20:00:00+00:00
2020-21,Burnley,Everton,1,1,2020-12-05 12:30:00+00:00
2020-21,Man City,Fulham,2,0,2020-12-05 15:00:00+00:00
2020-21,West Ham,Man United,1,3,2020-12-05 17:30:00+00:00
2020-21,Chelsea,Leeds,3,1,2020-12-05 20:00:00+00:00
2020-21,West Brom,Crystal Palace,1,5,2020-12-06 12:00:00+00:00
2020-21,Sheffield United,Leicester,1,2,2020-12-06 14:15:00+00:00
2020-21,Tottenham,Arsenal,2,0,2020-12-06 16:30:00+00:00
2020-21,Liverpool,Wolves,4,0,2020-12-06 19:15:00+00:00
2020-21,Brighton,Southampton,1,2,2020-12-07 20:00:00+00:00
2020-21,Leeds,West Ham,1,2,2020-12-11 20:00:00+00:00
2020-21,Wolves,Aston Villa,0,1,2020-12-12 12:30:00+00:00
2020-21,Newcastle,West Brom,2,1,2020-12-12 15:00:00+00:00
2020-21,Man United,Man City,0,0,2020-12-12 17:30:00+00:00
2020-21,Everton,Chelsea,1,0,2020-12-12 20:00:00+00:00
2020-21,Southampton,Sheffield United,3,0,2020-12-13 12:00:00+00:00
2020-21,Crystal Palace,Tottenham,1,1,2020-12-13 14:15:00+00:00
2020-21,Fulham,Liverpool,1,1,2020-12-13 16:30:00+00:00
2020-21,Arsenal,Burnley,0,1,2020-12-13 19:15:00+00:00
2020-21,Leicester,Brighton,3,0,2020-12-13 19:15:00+00:00
2020-21,Wolves,Chelsea,2,1,2020-12-15 18:00:00+00:00
2020-21,Man City,West Brom,1,1,2020-12-15 20:00:00+00:00
2020-21,Arsenal,Southampton,1,1,2020-12-16 18:00:00+00:00
2020-21,Leeds,Newcastle,5,2,2020-12-16 18:00:00+00:00
2020-21,Leicester,Everton,0,2,2020-12-16 18:00:00+00:00
2020-21,Fulham,Brighton,0,0,2020-12-16 20:00:00+00:00
2020-21,Liverpool,Tottenham,2,1,2020-12-16 20:00:00+00:00
2020-21,West Ham,Crystal Palace,1,1,2020-12-16 20:00:00+00:00
2020-21,Aston Villa,Burnley,0,0,2020-12-17 18:00:00+00:00
2020-21,Sheffield United,Man United,2,3,2020-12-17 20:00:00+00:00
2020-21,Crystal Palace,Liverpool,0,7,2020-12-19 12:30:00+00:00
2020-21,Southampton,Man City,0,1,2020-12-19 15:00:00+00:00
2020-21,Everton,Arsenal,2,1,2020-12-19 17:30:00+00:00
2020-21,Newcastle,Fulham,1,1,2020-12-19 20:00:00+00:00
2020-21,Brighton,Sheffield United,1,1,2020-12-20 12:00:00+00:00
2020-21,Tottenham,Leicester,0,2,2020-12-20 14:15:00+00:00
2020-21,Man United,Leeds,6,2,2020-12-20 16:30:00+00:00
2020-21,West Brom,Aston Villa,0,3,2020-12-20 19:15:00+00:00
2020-21,Burnley,Wolves,2,1,2020-12-21 17:30:00+00:00
2020-21,Chelsea,West Ham,3,0,2020-12-21 20:00:00+00:00
2020-21,Leicester,Man United,2,2,2020-12-26 12:30:00+00:00
2020-21,Aston Villa,Crystal Palace,3,0,2020-12-26 15:00:00+00:00
2020-21,Fulham,Southampton,0,0,2020-12-26 15:00:00+00:00
2020-21,Arsenal,Chelsea,3,1,2020-12-26 17:30:00+00:00
2020-21,Man City,Newcastle,2,0,2020-12-26 20:00:00+00:00
2020-21,Sheffield United,Everton,0,1,2020-12-26 20:00:00+00:00
2020-21,Leeds,Burnley,1,0,2020-12-27 12:00:00+00:00
2020-21,West Ham,Brighton,2,2,2020-12-27 14:15:00+00:00
2020-21,Liverpool,West Brom,1,1,2020-12-27 16:30:00+00:00
2020-21,Wolves,Tottenham,1,1,2020-12-27 19:15:00+00:00
2020-21,Crystal Palace,Leicester,1,1,2020-12-28 15:00:00+00:00
2020-21,Chelsea,Aston Villa,1,1,2020-12-28 17:30:00+00:00
2020-21,Brighton,Arsenal,0,1,2020-12-29 18:00:00+00:00
2020-21,Burnley,Sheffield United,1,0,2020-12-29 18:00:00+00:00
2020-21,Southampton,West Ham,0,0,2020-12-29 18:00:00+00:00
2020-21,West Brom,Leeds,0,5,2020-12-29 18:00:00+00:00
2020-21,Man United,Wolves,1,0,2020-12-29 20:00:00+00:00
2020-21,Newcastle,Liverpool,0,0,2020-12-30 20:00:00+00:00
2020-21,Everton,West Ham,0,1,2021-01-01 17:30:00+00:00
2020-21,Man United,Aston Villa,2,1,2021-01-01 20:00:00+00:00
2020-21,Tottenham,Leeds,3,0,2021-01-02 12:30:00+00:00
2020-21,Crystal Palace,Sheffield United,2,0,2021-01-02 15:00:00+00:00
2020-21,Brighton,Wolves,3,3,2021-01-02 17:30:00+00:00
2020-21,West Brom,Arsenal,0,4,2021-01-02 20:00:00+00:00
2020-21,Newcastle,Leicester,1,2,2021-01-03 14:15:00+00:00
2020-21,Chelsea,Man City,1,3,2021-01-03 16:30:00+00:00
2020-21,Southampton,Liverpool,1,0,2021-01-04 20:00:00+00:00
2020-21,Sheffield United,Newcastle,1,0,2021-01-12 18:00:00+00:00
2020-21,Burnley,Man United,0,1,2021-01-12 20:15:00+00:00
2020-21,Wolves,Everton,1,2,2021-01-12 20:15:00+00:00
2020-21,Man City,Brighton,1,0,2021-01-13 18:00:00+00:00
2020-21,Tottenham,Fulham,1,1,2021-01-13 20:15:00+00:00
2020-21,Arsenal,Crystal Palace,0,0,2021-01-14 20:00:00+00:00
2020-21,Wolves,West Brom,2,3,2021-01-16 12:30:00+00:00
2020-21,Leeds,Brighton,0,1,2021-01-16 15:00:00+00:00
2020-21,West Ham,Burnley,1,0,2021-01-16 15:00:00+00:00
2020-21,Fulham,Chelsea,0,1,2021-01-16 17:30:00+00:00
2020-21,Leicester,Southampton,2,0,2021-01-16 20:00:00+00:00
2020-21,Sheffield United,Tottenham,1,3,2021-01-17 14:00:00+00:00
2020-21,Liverpool,Man United,0,0,2021-01-17 16:30:00+00:00
2020-21,Man City,Crystal Palace,4,0,2021-01-17 19:15:00+00:00
2020-21,Arsenal,Newcastle,3,0,2021-01-18 20:00:00+00:00
2020-21,West Ham,West Brom,2,1,2021-01-19 18:00:00+00:00
2020-21,Leicester,Chelsea,2,0,2021-01-19 20:15:00+00:00
2020-21,Man City,Aston Villa,2,0,2021-01-20 18:00:00+00:00
2020-21,Fulham,Man United,1,2,2021-01-20 20:15:00+00:00
2020-21,Liverpool,Burnley,0,1,2021-01-21 20:00:00+00:00
2020-21,Aston Villa,Newcastle,2,0,2021-01-23 20:00:00+00:00
2020-21,Crystal Palace,West Ham,2,3,2021-01-26 18:00:00+00:00
2020-21,Newcastle,Leeds,1,2,2021-01-26 18:00:00+00:00
2020-21,Southampton,Arsenal,1,3,2021-01-26 20:15:00+00:00
2020-21,West Brom,Man City,0,5,2021-01-26 20:15:00+00:00
2020-21,Burnley,Aston Villa,3,2,2021-01-27 18:00:00+00:00
2020-21,Chelsea,Wolves,0,0,2021-01-27 18:00:00+00:00
2020-21,Brighton,Fulham,0,0,2021-01-27 19:30:00+00:00
2020-21,Everton,Leicester,1,1,2021-01-27 20:15:00+00:00
2020-21,Man United,Sheffield United,1,2,2021-01-27 20:15:00+00:00
2020-21,Tottenham,Liverpool,1,3,2021-01-28 20:00:00+00:00
2020-21,Everton,Newcastle,0,2,2021-01-30 12:30:00+00:00
2020-21,Crystal Palace,Wolves,1,0,2021-01-30 15:00:00+00:00
2020-21,Man City,Sheffield United,1,0,2021-01-30 15:00:00+00:00
2020-21,West Brom,Fulham,2,2,2021-01-30 15:00:00+00:00
2020-21,Arsenal,Man United,0,0,2021-01-30 17:30:00+00:00
2020-21,Southampton,Aston Villa,0,1,2021-01-30 20:00:00+00:00
2020-21,Chelsea,Burnley,2,0,2021-01-31 12:00:00+00:00
2020-21,Leicester,Leeds,1,3,2021-01-31 14:00:00+00:00
2020-21,West Ham,Liverpool,1,3,2021-01-31 16:30:00+00:00
2020-21,Brighton,Tottenham,1,0,2021-01-31 19:15:00+00:00
2020-21,Sheffield United,West Brom,2,1,2021-02-02 18:00:00+00:00
2020-21,Wolves,Arsenal,2,1,2021-02-02 18:00:00+00:00
2020-21,Man United,Southampton,9,0,2021-02-02 20:15:00+00:00
2020-21,Newcastle,Crystal Palace,1,2,2021-02-02 20:15:00+00:00
2020-21,Burnley,Man City,0,2,2021-02-03 18:00:00+00:00
2020-21,Fulham,Leicester,0,2,2021-02-03 18:00:00+00:00
2020-21,Leeds,Everton,1,2,2021-02-03 19:30:00+00:00
2020-21,Aston Villa,West Ham,1,3,2021-02-03 20:15:00+00:00
2020-21,Liverpool,Brighton,0,1,2021-02-03 20:15:00+00:00
2020-21,Tottenham,Chelsea,0,1,2021-02-04 20:00:00+00:00
2020-21,Aston Villa,Arsenal,1,0,2021-02-06 12:30:00+00:00
2020-21,Burnley,Brighton,1,1,2021-02-06 15:00:00+00:00
2020-21,Newcastle,Southampton,3,2,2021-02-06 15:00:00+00:00
2020-21,Fulham,West Ham,0,0,2021-02-06 17:30:00+00:00
2020-21,Man United,Everton,3,3,2021-02-06 20:00:00+00:00
2020-21,Tottenham,West Brom,2,0,2021-02-07 12:00:00+00:00
2020-21,Wolves,Leicester,0,0,2021-02-07 14:00:00+00:00
2020-21,Liverpool,Man City,1,4,2021-02-07 16:30:00+00:00
2020-21,Sheffield United,Chelsea,1,2,2021-02-07 19:15:00+00:00
2020-21,Leeds,Crystal Palace,2,0,2021-02-08 20:00:00+00:00
2020-21,Leicester,Liverpool,3,1,2021-02-13 12:30:00+00:00
2020-21,Crystal Palace,Burnley,0,3,2021-02-13 15:00:00+00:00
2020-21,Man City,Tottenham,3,0,2021-02-13 17:30:00+00:00
2020-21,Brighton,Aston Villa,0,0,2021-02-13 20:00:00+00:00
2020-21,Southampton,Wolves,1,2,2021-02-14 12:00:00+00:00
2020-21,West Brom,Man United,1,1,2021-02-14 14:00:00+00:00
2020-21,Arsenal,Leeds,4,2,2021-02-14 16:30:00+00:00
2020-21,Everton,Fulham,0,2,2021-02-14 19:00:00+00:00
2020-21,West Ham,Sheffield United,3,0,2021-02-15 18:00:00+00:00
2020-21,Chelsea,Newcastle,2,0,2021-02-15 20:00:00+00:00
2020-21,Burnley,Fulham,1,1,2021-02-17 18:00:00+00:00
2020-21,Everton,Man City,1,3,2021-02-17 20:15:00+00:00
2020-21,Wolves,Leeds,1,0,2021-02-19 20:00:00+00:00
2020-21,Southampton,Chelsea,1,1,2021-02-20 12:30:00+00:00
2020-21,Burnley,West Brom,0,0,2021-02-20 15:00:00+00:00
2020-21,Liverpool,Everton,0,2,2021-02-20 17:30:00+00:00
2020-21,Fulham,Sheffield United,1,0,2021-02-20 20:00:00+00:00
2020-21,West Ham,Tottenham,2,1,2021-02-21 12:00:00+00:00
2020-21,Aston Villa,Leicester,1,2,2021-02-21 14:05:00+00:00
2020-21,Arsenal,Man City,0,1,2021-02-21 16:30:00+00:00
2020-21,Man United,Newcastle,3,1,2021-02-21 19:00:00+00:00
2020-21,Brighton,Crystal Palace,1,2,2021-02-22 20:00:00+00:00
2020-21,Leeds,Southampton,3,0,2021-02-23 18:00:00+00:00
2020-21,Man City,West Ham,2,1,2021-02-27 12:30:00+00:00
2020-21,West Brom,Brighton,1,0,2021-02-27 15:00:00+00:00
2020-21,Leeds,Aston Villa,0,1,2021-02-27 17:30:00+00:00
2020-21,Newcastle,Wolves,1,1,2021-02-27 20:00:00+00:00
2020-21,Crystal Palace,Fulham,0,0,2021-02-28 12:00:00+00:00
2020-21,Leicester,Arsenal,1,3,2021-02-28 12:00:00+00:00
2020-21,Tottenham,Burnley,4,0,2021-02-28 14:00:00+00:00
2020-21,Chelsea,Man United,0,0,2021-02-28 16:30:00+00:00
2020-21,Sheffield United,Liverpool,0,2,2021-02-28 19:15:00+00:00
2020-21,Everton,Southampton,1,0,2021-03-01 20:00:00+00:00
2020-21,Man City,Wolves,4,1,2021-03-02 20:00:00+00:00
2020-21,Burnley,Leicester,1,1,2021-03-03 18:00:00+00:00
2020-21,Sheffield United,Aston Villa,1,0,2021-03-03 18:00:00+00:00
2020-21,Crystal Palace,Man United,0,0,2021-03-03 20:15:00+00:00
2020-21,Fulham,Tottenham,0,1,2021-03-04 18:00:00+00:00
2020-21,West Brom,Everton,0,1,2021-03-04 18:00:00+00:00
2020-21,Liverpool,Chelsea,0,1,2021-03-04 20:15:00+00:00
2020-21,Burnley,Arsenal,1,1,2021-03-06 12:30:00+00:00
2020-21,Sheffield United,Southampton,0,2,2021-03-06 15:00:00+00:00
2020-21,Aston Villa,Wolves,0,0,2021-03-06 17:30:00+00:00
2020-21,Brighton,Leicester,1,2,2021-03-06 20:00:00+00:00
2020-21,West Brom,Newcastle,0,0,2021-03-07 12:00:00+00:00
2020-21,Liverpool,Fulham,0,1,2021-03-07 14:00:00+00:00
2020-21,Man City,Man United,0,2,2021-03-07 16:30:00+00:00
2020-21,Tottenham,Crystal Palace,4,1,2021-03-07 19:15:00+00:00
2020-21,Chelsea,Everton,2,0,2021-03-08 18:00:00+00:00
2020-21,West Ham,Leeds,2,0,2021-03-08 20:00:00+00:00
2020-21,Man City,Southampton,5,2,2021-03-10 18:00:00+00:00
2020-21,Newcastle,Aston Villa,1,1,2021-03-12 20:00:00+00:00
2020-21,Leeds,Chelsea,0,0,2021-03-13 12:30:00+00:00
2020-21,Crystal Palace,West Brom,1,0,2021-03-13 15:00:00+00:00
2020-21,Everton,Burnley,1,2,2021-03-13 17:30:00+00:00
2020-21,Fulham,Man City,0,3,2021-03-13 20:00:00+00:00
2020-21,Southampton,Brighton,1,2,2021-03-14 12:00:00+00:00
2020-21,Leicester,Sheffield United,5,0,2021-03-14 14:00:00+00:00
2020-21,Arsenal,Tottenham,2,1,2021-03-14 16:30:00+00:00
2020-21,Man United,West Ham,1,0,2021-03-14 19:15:00+00:00
2020-21,Wolves,Liverpool,0,1,2021-03-15 20:00:00+00:00
2020-21,Fulham,Leeds,1,2,2021-03-19 20:00:00+00:00
2020-21,Brighton,Newcastle,3,0,2021-03-20 20:00:00+00:00
2020-21,West Ham,Arsenal,3,3,2021-03-21 15:00:00+00:00
2020-21,Aston Villa,Tottenham,0,2,2021-03-21 19:30:00+00:00
2020-21,Chelsea,West Brom,2,5,2021-04-03 12:30:00+00:00
2020-21,Leeds,Sheffield United,2,1,2021-04-03 15:00:00+00:00
2020-21,Leicester,Man City,0,2,2021-04-03 17:30:00+00:00
2020-21,Arsenal,Liverpool,0,3,2021-04-03 20:00:00+00:00
2020-21,Southampton,Burnley,3,2,2021-04-04 12:00:00+00:00
2020-21,Newcastle,Tottenham,2,2,2021-04-04 14:05:00+00:00
2020-21,Aston Villa,Fulham,3,1,2021-04-04 16:30:00+00:00
2020-21,Man United,Brighton,2,1,2021-04-04 19:30:00+00:00
2020-21,Everton,Crystal Palace,1,1,2021-04-05 18:00:00+00:00
2020-21,Wolves,West Ham,2,3,2021-04-05 20:15:00+00:00
2020-21,Fulham,Wolves,0,1,2021-04-09 20:00:00+00:00
2020-21,Man City,Leeds,1,2,2021-04-10 12:30:00+00:00
2020-21,Liverpool,Aston Villa,2,1,2021-04-10 15:00:00+00:00
2020-21,Crystal Palace,Chelsea,1,4,2021-04-10 17:30:00+00:00
2020-21,Burnley,Newcastle,1,2,2021-04-11 12:00:00+00:00
2020-21,West Ham,Leicester,3,2,2021-04-11 14:05:00+00:00
2020-21,Tottenham,Man United,1,3,2021-04-11 16:30:00+00:00
2020-21,Sheffield United,Arsenal,0,3,2021-04-11 19:00:00+00:00
2020-21,West Brom,Southampton,3,0,2021-04-12 18:00:00+00:00
2020-21,Brighton,Everton,0,0,2021-04-12 20:15:00+00:00
2020-21,Everton,Tottenham,2,2,2021-04-16 20:00:00+00:00
2020-21,Newcastle,West Ham,3,2,2021-04-17 12:30:00+00:00
2020-21,Wolves,Sheffield United,1,0,2021-04-17 20:15:00+00:00
2020-21,Arsenal,Fulham,1,1,2021-04-18 13:30:00+00:00
2020-21,Man United,Burnley,3,1,2021-04-18 16:00:00+00:00
2020-21,Leeds,Liverpool,1,1,2021-04-19 20:00:00+00:00
2020-21,Chelsea,Brighton,0,0,2021-04-20 20:00:00+00:00
2020-21,Tottenham,Southampton,2,1,2021-04-21 18:00:00+00:00
2020-21,Aston Villa,Man City,1,2,2021-04-21 20:15:00+00:00
2020-21,Leicester,West Brom,3,0,2021-04-22 20:00:00+00:00
2020-21,Arsenal,Everton,0,1,2021-04-23 20:00:00+00:00
2020-21,Liverpool,Newcastle,1,1,2021-04-24 12:30:00+00:00
2020-21,West Ham,Chelsea,0,1,2021-04-24 17:30:00+00:00
2020-21,Sheffield United,Brighton,1,0,2021-04-24 20:00:00+00:00
2020-21,Wolves,Burnley,0,4,2021-04-25 12:00:00+00:00
2020-21,Leeds,Man United,0,0,2021-04-25 14:00:00+00:00
2020-21,Aston Villa,West Brom,2,2,2021-04-25 19:00:00+00:00
2020-21,Leicester,Crystal Palace,2,1,2021-04-26 20:00:00+00:00
2020-21,Southampton,Leicester,1,1,2021-04-30 20:00:00+00:00
2020-21,Crystal Palace,Man City,0,2,2021-05-01 12:30:00+00:00
2020-21,Brighton,Leeds,2,0,2021-05-01 15:00:00+00:00
2020-21,Chelsea,Fulham,2,0,2021-05-01 17:30:00+00:00
2020-21,Everton,Aston Villa,1,2,2021-05-01 20:00:00+00:00
2020-21,Newcastle,Arsenal,0,2,2021-05-02 14:00:00+00:00
2020-21,Tottenham,Sheffield United,4,0,2021-05-02 19:15:00+00:00
2020-21,West Brom,Wolves,1,1,2021-05-03 18:00:00+00:00
2020-21,Burnley,West Ham,1,2,2021-05-03 20:15:00+00:00
2020-21,Leicester,Newcastle,2,4,2021-05-07 20:00:00+00:00
2020-21,Leeds,Tottenham,3,1,2021-05-08 12:30:00+00:00
2020-21,Sheffield United,Crystal Palace,0,2,2021-05-08 15:00:00+00:00
2020-21,Man City,Chelsea,1,2,2021-05-08 17:30:00+00:00
2020-21,Liverpool,Southampton,2,0,2021-05-08 20:15:00+00:00
2020-21,Wolves,Brighton,2,1,2021-05-09 12:00:00+00:00
2020-21,Aston Villa,Man United,1,3,2021-05-09 14:05:00+00:00
2020-21,West Ham,Everton,0,1,2021-05-09 16:30:00+00:00
2020-21,Arsenal,West Brom,3,1,2021-05-09 19:00:00+00:00
2020-21,Fulham,Burnley,0,2,2021-05-10 20:00:00+00:00
2020-21,Man United,Leicester,1,2,2021-05-11 18:00:00+00:00
2020-21,Southampton,Crystal Palace,3,1,2021-05-11 20:15:00+00:00
2020-21,Chelsea,Arsenal,0,1,2021-05-12 20:15:00+00:00
2020-21,Aston Villa,Everton,0,0,2021-05-13 18:00:00+00:00
2020-21,Man United,Liverpool,2,4,2021-05-13 20:15:00+00:00
2020-21,Newcastle,Man City,3,4,2021-05-14 20:00:00+00:00
2020-21,Burnley,Leeds,0,4,2021-05-15 12:30:00+00:00
2020-21,Southampton,Fulham,3,1,2021-05-15 15:00:00+00:00
2020-21,Brighton,West Ham,1,1,2021-05-15 20:00:00+00:00
2020-21,Crystal Palace,Aston Villa,3,2,2021-05-16 12:00:00+00:00
2020-21,Tottenham,Wolves,2,0,2021-05-16 14:05:00+00:00
2020-21,West Brom,Liverpool,1,2,2021-05-16 16:30:00+00:00
2020-21,Everton,Sheffield United,0,1,2021-05-16 19:00:00+00:00
2020-21,Man United,Fulham,1,1,2021-05-18 18:00:00+00:00
2020-21,Southampton,Leeds,0,2,2021-05-18 18:00:00+00:00
2020-21,Brighton,Man City,3,2,2021-05-18 19:00:00+00:00
2020-21,Chelsea,Leicester,2,1,2021-05-18 20:15:00+00:00
2020-21,Everton,Wolves,1,0,2021-05-19 18:00:00+00:00
2020-21,Newcastle,Sheffield United,1,0,2021-05-19 18:00:00+00:00
2020-21,Tottenham,Aston Villa,1,2,2021-05-19 18:00:00+00:00
2020-21,Crystal Palace,Arsenal,1,3,2021-05-19 19:00:00+00:00
2020-21,Burnley,Liverpool,0,3,2021-05-19 20:15:00+00:00
2020-21,West Brom,West Ham,1,3,2021-05-19 20:15:00+00:00
2020-21,Arsenal,Brighton,2,0,2021-05-23 16:00:00+00:00
2020-21,Aston Villa,Chelsea,2,1,2021-05-23 16:00:00+00:00
2020-21,Fulham,Newcastle,0,2,2021-05-23 16:00:00+00:00
2020-21,Leeds,West Brom,3,1,2021-05-23 16:00:00+00:00
2020-21,Leicester,Tottenham,2,4,2021-05-23 16:00:00+00:00
2020-21,Liverpool,Crystal Palace,2,0,2021-05-23 16:00:00+00:00
2020-21,Man City,Everton,5,0,2021-05-23 16:00:00+00:00
2020-21,Sheffield United,Burnley,1,0,2021-05-23 16:00:00+00:00
2020-21,West Ham,Southampton,3,0,2021-05-23 16:00:00+00:00
2020-21,Wolves,Man United,1,2,2021-05-23 16:00:00+00:00
2021-22,Brentford,Arsenal,2,0,2021-08-13 20:00:00+00:00
2021-22,Man United,Leeds,5,1,2021-08-14 12:30:00+00:00
2021-22,Burnley,Brighton,1,2,2021-08-14 15:00:00+00:00
2021-22,Chelsea,Crystal Palace,3,0,2021-08-14 15:00:00+00:00
2021-22,Everton,Southampton,3,1,2021-08-14 15:00:00+00:00
2021-22,Leicester,Wolves,1,0,2021-08-14 15:00:00+00:00
2021-22,Watford,Aston Villa,3,2,2021-08-14 15:00:00+00:00
2021-22,Norwich,Liverpool,0,3,2021-08-14 17:30:00+00:00
2021-22,Newcastle,West Ham,2,4,2021-08-15 14:00:00+00:00
2021-22,Tottenham,Man City,1,0,2021-08-15 16:30:00+00:00
2021-22,Liverpool,Burnley,2,0,2021-08-21 12:30:00+00:00
2021-22,Aston Villa,Newcastle,2,0,2021-08-21 15:00:00+00:00
2021-22,Crystal Palace,Brentford,0,0,2021-08-21 15:00:00+00:00
2021-22,Leeds,Everton,2,2,2021-08-21 15:00:00+00:00
2021-22,Man City,Norwich,5,0,2021-08-21 15:00:00+00:00
2021-22,Brighton,Watford,2,0,2021-08-21 17:30:00+00:00
2021-22,Southampton,Man United,1,1,2021-08-22 14:00:00+00:00
2021-22,Wolves,Tottenham,0,1,2021-08-22 14:00:00+00:00
2021-22,Arsenal,Chelsea,0,2,2021-08-22 16:30:00+00:00
2021-22,West Ham,Leicester,4,1,2021-08-23 20:00:00+00:00
2021-22,Man City,Arsenal,5,0,2021-08-28 12:30:00+00:00
2021-22,Aston Villa,Brentford,1,1,2021-08-28 15:00:00+00:00
2021-22,Brighton,Everton,0,2,2021-08-28 15:00:00+00:00
2021-22,Newcastle,Southampton,2,2,2021-08-28 15:00:00+00:00
2021-22,Norwich,Leicester,1,2,2021-08-28 15:00:00+00:00
2021-22,West Ham,Crystal Palace,2,2,2021-08-28 15:00:00+00:00
2021-22,Liverpool,Chelsea,1,1,2021-08-28 17:30:00+00:00
2021-22,Burnley,Leeds,1,1,2021-08-29 14:00:00+00:00
2021-22,Tottenham,Watford,1,0,2021-08-29 14:00:00+00:00
2021-22,Wolves,Man United,0,1,2021-08-29 16:30:00+00:00
2021-22,Crystal Palace,Tottenham,3,0,2021-09-11 12:30:00+00:00
2021-22,Arsenal,Norwich,1,0,2021-09-11 15:00:00+00:00
2021-22,Brentford,Brighton,0,1,2021-09-11 15:00:00+00:00
2021-22,Leicester,Man City,0,1,2021-09-11 15:00:00+00:00
2021-22,Man United,Newcastle,4,1,2021-09-11 15:00:00+00:00
2021-22,Southampton,West Ham,0,0,2021-09-11 15:00:00+00:00
2021-22,Watford,Wolves,0,2,2021-09-11 15:00:00+00:00
2021-22,Chelsea,Aston Villa,3,0,2021-09-11 17:30:00+00:00
2021-22,Leeds,Liverpool,0,3,2021-09-12 16:30:00+00:00
2021-22,Everton,Burnley,3,1,2021-09-13 20:00:00+00:00
2021-22,Newcastle,Leeds,1,1,2021-09-17 20:00:00+00:00
2021-22,Wolves,Brentford,0,2,2021-09-18 12:30:00+00:00
2021-22,Burnley,Arsenal,0,1,2021-09-18 15:00:00+00:00
2021-22,Liverpool,Crystal Palace,3,0,2021-09-18 15:00:00+00:00
2021-22,Man City,Southampton,0,0,2021-09-18 15:00:00+00:00
2021-22,Norwich,Watford,1,3,2021-09-18 15:00:00+00:00
2021-22,Aston Villa,Everton,3,0,2021-09-18 17:30:00+00:00
2021-22,Brighton,Leicester,2,1,2021-09-19 14:00:00+00:00
2021-22,West Ham,Man United,1,2,2021-09-19 14:00:00+00:00
2021-22,Tottenham,Chelsea,0,3,2021-09-19 16:30:00+00:00
2021-22,Chelsea,Man City,0,1,2021-09-25 12:30:00+00:00
2021-22,Man United,Aston Villa,0,1,2021-09-25 12:30:00+00:00
2021-22,Everton,Norwich,2,0,2021-09-25 15:00:00+00:00
2021-22,Leeds,West Ham,1,2,2021-09-25 15:00:00+00:00
2021-22,Leicester,Burnley,2,2,2021-09-25 15:00:00+00:00
2021-22,Watford,Newcastle,1,1,2021-09-25 15:00:00+00:00
2021-22,Brentford,Liverpool,3,3,2021-09-25 17:30:00+00:00
2021-22,Southampton,Wolves,0,1,2021-09-26 14:00:00+00:00
2021-22,Arsenal,Tottenham,3,1,2021-09-26 16:30:00+00:00
2021-22,Crystal Palace,Brighton,1,1,2021-09-27 20:00:00+00:00
2021-22,Man United,Everton,1,1,2021-10-02 12:30:00+00:00
2021-22,Burnley,Norwich,0,0,2021-10-02 15:00:00+00:00
2021-22,Chelsea,Southampton,3,1,2021-10-02 15:00:00+00:00
2021-22,Leeds,Watford,1,0,2021-10-02 15:00:00+00:00
2021-22,Wolves,Newcastle,2,1,2021-10-02 15:00:00+00:00
2021-22,Brighton,Arsenal,0,0,2021-10-02 17:30:00+00:00
2021-22,Crystal Palace,Leicester,2,2,2021-10-03 14:00:00+00:00
2021-22,Tottenham,Aston Villa,2,1,2021-10-03 14:00:00+00:00
2021-22,West Ham,Brentford,1,2,2021-10-03 14:00:00+00:00
2021-22,Liverpool,Man City,2,2,2021-10-03 16:30:00+00:00
2021-22,Watford,Liverpool,0,5,2021-10-16 12:30:00+00:00
2021-22,Aston Villa,Wolves,2,3,2021-10-16 15:00:00+00:00
2021-22,Leicester,Man United,4,2,2021-10-16 15:00:00+00:00
2021-22,Man City,Burnley,2,0,2021-10-16 15:00:00+00:00
2021-22,Norwich,Brighton,0,0,2021-10-16 15:00:00+00:00
2021-22,Southampton,Leeds,1,0,2021-10-16 15:00:00+00:00
2021-22,Brentford,Chelsea,0,1,2021-10-16 17:30:00+00:00
2021-22,Everton,West Ham,0,1,2021-10-17 14:00:00+00:00
2021-22,Newcastle,Tottenham,2,3,2021-10-17 16:30:00+00:00
2021-22,Arsenal,Crystal Palace,2,2,2021-10-18 20:00:00+00:00
2021-22,Arsenal,Aston Villa,3,1,2021-10-22 20:00:00+00:00
2021-22,Chelsea,Norwich,7,0,2021-10-23 12:30:00+00:00
2021-22,Crystal Palace,Newcastle,1,1,2021-10-23 15:00:00+00:00
2021-22,Everton,Watford,2,5,2021-10-23 15:00:00+00:00
2021-22,Leeds,Wolves,1,1,2021-10-23 15:00:00+00:00
2021-22,Southampton,Burnley,2,2,2021-10-23 15:00:00+00:00
2021-22,Brighton,Man City,1,4,2021-10-23 17:30:00+00:00
2021-22,Brentford,Leicester,1,2,2021-10-24 14:00:00+00:00
2021-22,West Ham,Tottenham,1,0,2021-10-24 14:00:00+00:00
2021-22,Man United,Liverpool,0,5,2021-10-24 16:30:00+00:00
2021-22,Leicester,Arsenal,0,2,2021-10-30 12:30:00+00:00
2021-22,Burnley,Brentford,3,1,2021-10-30 15:00:00+00:00
2021-22,Liverpool,Brighton,2,2,2021-10-30 15:00:00+00:00
2021-22,Man City,Crystal Palace,0,2,2021-10-30 15:00:00+00:00
2021-22,Newcastle,Chelsea,0,3,2021-10-30 15:00:00+00:00
2021-22,Watford,Southampton,0,1,2021-10-30 15:00:00+00:00
2021-22,Tottenham,Man United,0,3,2021-10-30 17:30:00+00:00
2021-22,Norwich,Leeds,1,2,2021-10-31 14:00:00+00:00
2021-22,Aston Villa,West Ham,1,4,2021-10-31 16:30:00+00:00
2021-22,Wolves,Everton,2,1,2021-11-01 20:00:00+00:00
2021-22,Southampton,Aston Villa,1,0,2021-11-05 20:00:00+00:00
2021-22,Man United,Man City,0,2,2021-11-06 12:30:00+00:00
2021-22,Brentford,Norwich,1,2,2021-11-06 15:00:00+00:00
2021-22,Chelsea,Burnley,1,1,2021-11-06 15:00:00+00:00
2021-22,Crystal Palace,Wolves,2,0,2021-11-06 15:00:00+00:00
2021-22,Brighton,Newcastle,1,1,2021-11-06 17:30:00+00:00
2021-22,Arsenal,Watford,1,0,2021-11-07 14:00:00+00:00
2021-22,Everton,Tottenham,0,0,2021-11-07 14:00:00+00:00
2021-22,Leeds,Leicester,1,1,2021-11-07 14:00:00+00:00
2021-22,West Ham,Liverpool,3,2,2021-11-07 16:30:00+00:00
2021-22,Leicester,Chelsea,0,3,2021-11-20 12:30:00+00:00
2021-22,Aston Villa,Brighton,2,0,2021-11-20 15:00:00+00:00
2021-22,Burnley,Crystal Palace,3,3,2021-11-20 15:00:00+00:00
2021-22,Newcastle,Brentford,3,3,2021-11-20 15:00:00+00:00
2021-22,Norwich,Southampton,2,1,2021-11-20 15:00:00+00:00
2021-22,Watford,Man United,4,1,2021-11-20 15:00:00+00:00
2021-22,Wolves,West Ham,1,0,2021-11-20 15:00:00+00:00
2021-22,Liverpool,Arsenal,4,0,2021-11-20 17:30:00+00:00
2021-22,Man City,Everton,3,0,2021-11-21 14:00:00+00:00
2021-22,Tottenham,Leeds,2,1,2021-11-21 16:30:00+00:00
2021-22,Arsenal,Newcastle,2,0,2021-11-27 12:30:00+00:00
2021-22,Crystal Palace,Aston Villa,1,2,2021-11-27 15:00:00+00:00
2021-22,Liverpool,Southampton,4,0,2021-11-27 15:00:00+00:00
2021-22,Norwich,Wolves,0,0,2021-11-27 15:00:00+00:00
2021-22,Brighton,Leeds,0,0,2021-11-27 17:30:00+00:00
2021-22,Brentford,Everton,1,0,2021-11-28 14:00:00+00:00
2021-22,Leicester,Watford,4,2,2021-11-28 14:00:00+00:00
2021-22,Man City,West Ham,2,1,2021-11-28 14:00:00+00:00
2021-22,Chelsea,Man United,1,1,2021-11-28 16:30:00+00:00
2021-22,Newcastle,Norwich,1,1,2021-11-30 19:30:00+00:00
2021-22,Leeds,Crystal Palace,1,0,2021-11-30 20:15:00+00:00
2021-22,Southampton,Leicester,2,2,2021-12-01 19:30:00+00:00
2021-22,Watford,Chelsea,1,2,2021-12-01 19:30:00+00:00
2021-22,West Ham,Brighton,1,1,2021-12-01 19:30:00+00:00
2021-22,Wolves,Burnley,0,0,2021-12-01 19:30:00+00:00
2021-22,Aston Villa,Man City,1,2,2021-12-01 20:15:00+00:00
2021-22,Everton,Liverpool,1,4,2021-12-01 20:15:00+00:00
2021-22,Tottenham,Brentford,2,0,2021-12-02 19:30:00+00:00
2021-22,Man United,Arsenal,3,2,2021-12-02 20:15:00+00:00
2021-22,West Ham,Chelsea,3,2,2021-12-04 12:30:00+00:00
2021-22,Newcastle,Burnley,1,0,2021-12-04 15:00:00+00:00
2021-22,Southampton,Brighton,1,1,2021-12-04 15:00:00+00:00
2021-22,Wolves,Liverpool,0,1,2021-12-04 15:00:00+00:00
2021-22,Watford,Man City,1,3,2021-12-04 17:30:00+00:00
2021-22,Leeds,Brentford,2,2,2021-12-05 14:00:00+00:00
2021-22,Man United,Crystal Palace,1,0,2021-12-05 14:00:00+00:00
2021-22,Tottenham,Norwich,3,0,2021-12-05 14:00:00+00:00
2021-22,Aston Villa,Leicester,2,1,2021-12-05 16:30:00+00:00
2021-22,Everton,Arsenal,2,1,2021-12-06 20:00:00+00:00
2021-22,Brentford,Watford,2,1,2021-12-10 20:00:00+00:00
2021-22,Man City,Wolves,1,0,2021-12-11 12:30:00+00:00
2021-22,Arsenal,Southampton,3,0,2021-12-11 15:00:00+00:00
2021-22,Chelsea,Leeds,3,2,2021-12-11 15:00:00+00:00
2021-22,Liverpool,Aston Villa,1,0,2021-12-11 15:00:00+00:00
2021-22,Norwich,Man United,0,1,2021-12-11 17:30:00+00:00
2021-22,Burnley,West Ham,0,0,2021-12-12 14:00:00+00:00
2021-22,Leicester,Newcastle,4,0,2021-12-12 14:00:00+00:00
2021-22,Crystal Palace,Everton,3,1,2021-12-12 16:30:00+00:00
2021-22,Norwich,Aston Villa,0,2,2021-12-14 19:45:00+00:00
2021-22,Man City,Leeds,7,0,2021-12-14 20:00:00+00:00
2021-22,Brighton,Wolves,0,1,2021-12-15 19:30:00+00:00
2021-22,Crystal Palace,Southampton,2,2,2021-12-15 19:30:00+00:00
2021-22,Arsenal,West Ham,2,0,2021-12-15 20:00:00+00:00
2021-22,Chelsea,Everton,1,1,2021-12-16 19:45:00+00:00
2021-22,Liverpool,Newcastle,3,1,2021-12-16 20:00:00+00:00
2021-22,Leeds,Arsenal,1,4,2021-12-18 17:30:00+00:00
2021-22,Newcastle,Man City,0,4,2021-12-19 14:00:00+00:00
2021-22,Wolves,Chelsea,0,0,2021-12-19 14:00:00+00:00
2021-22,Tottenham,Liverpool,2,2,2021-12-19 16:30:00+00:00
2021-22,Man City,Leicester,6,3,2021-12-26 15:00:00+00:00
2021-22,Norwich,Arsenal,0,5,2021-12-26 15:00:00+00:00
2021-22,Tottenham,Crystal Palace,3,0,2021-12-26 15:00:00+00:00
2021-22,West Ham,Southampton,2,3,2021-12-26 15:00:00+00:00
2021-22,Aston Villa,Chelsea,1,3,2021-12-26 17:30:00+00:00
2021-22,Brighton,Brentford,2,0,2021-12-26 20:00:00+00:00
2021-22,Newcastle,Man United,1,1,2021-12-27 20:00:00+00:00
2021-22,Crystal Palace,Norwich,3,0,2021-12-28 15:00:00+00:00
2021-22,Southampton,Tottenham,1,1,2021-12-28 15:00:00+00:00
2021-22,Watford,West Ham,1,4,2021-12-28 15:00:00+00:00
2021-22,Leicester,Liverpool,1,0,2021-12-28 20:00:00+00:00
2021-22,Chelsea,Brighton,1,1,2021-12-29 19:30:00+00:00
2021-22,Brentford,Man City,0,1,2021-12-29 20:15:00+00:00
2021-22,Man United,Burnley,3,1,2021-12-30 20:15:00+00:00
2021-22,Arsenal,Man City,1,2,2022-01-01 12:30:00+00:00
2021-22,Watford,Tottenham,0,1,2022-01-01 15:00:00+00:00
2021-22,Crystal Palace,West Ham,2,3,2022-01-01 17:30:00+00:00
2021-22,Brentford,Aston Villa,2,1,2022-01-02 14:00:00+00:00
2021-22,Everton,Brighton,2,3,2022-01-02 14:00:00+00:00
2021-22,Leeds,Burnley,3,1,2022-01-02 14:00:00+00:00
2021-22,Chelsea,Liverpool,2,2,2022-01-02 16:30:00+00:00
2021-22,Man United,Wolves,0,1,2022-01-03 17:30:00+00:00
2021-22,Southampton,Brentford,4,1,2022-01-11 19:45:00+00:00
2021-22,West Ham,Norwich,2,0,2022-01-12 19:45:00+00:00
2021-22,Brighton,Crystal Palace,1,1,2022-01-14 20:00:00+00:00
2021-22,Man City,Chelsea,1,0,2022-01-15 12:30:00+00:00
2021-22,Newcastle,Watford,1,1,2022-01-15 15:00:00+00:00
2021-22,Norwich,Everton,2,1,2022-01-15 15:00:00+00:00
2021-22,Wolves,Southampton,3,1,2022-01-15 15:00:00+00:00
2021-22,Aston Villa,Man United,2,2,2022-01-15 17:30:00+00:00
2021-22,Liverpool,Brentford,3,0,2022-01-16 14:00:00+00:00
2021-22,West Ham,Leeds,2,3,2022-01-16 14:00:00+00:00
2021-22,Brighton,Chelsea,1,1,2022-01-18 20:00:00+00:00
2021-22,Leicester,Tottenham,2,3,2022-01-19 19:30:00+00:00
2021-22,Brentford,Man United,1,3,2022-01-19 20:00:00+00:00
2021-22,Watford,Norwich,0,3,2022-01-21 20:00:00+00:00
2021-22,Everton,Aston Villa,0,1,2022-01-22 12:30:00+00:00
2021-22,Brentford,Wolves,1,2,2022-01-22 15:00:00+00:00
2021-22,Leeds,Newcastle,0,1,2022-01-22 15:00:00+00:00
2021-22,Man United,West Ham,1,0,2022-01-22 15:00:00+00:00
2021-22,Southampton,Man City,1,1,2022-01-22 17:30:00+00:00
2021-22,Arsenal,Burnley,0,0,2022-01-23 14:00:00+00:00
2021-22,Crystal Palace,Liverpool,1,3,2022-01-23 14:00:00+00:00
2021-22,Leicester,Brighton,1,1,2022-01-23 14:00:00+00:00
2021-22,Chelsea,Tottenham,2,0,2022-01-23 16:30:00+00:00
2021-22,Burnley,Watford,0,0,2022-02-05 18:00:00+00:00
2021-22,Newcastle,Everton,3,1,2022-02-08 19:45:00+00:00
2021-22,West Ham,Watford,1,0,2022-02-08 19:45:00+00:00
2021-22,Burnley,Man United,1,1,2022-02-08 20:00:00+00:00
2021-22,Man City,Brentford,2,0,2022-02-09 19:45:00+00:00
2021-22,Norwich,Crystal Palace,1,1,2022-02-09 19:45:00+00:00
2021-22,Tottenham,Southampton,2,3,2022-02-09 19:45:00+00:00
2021-22,Aston Villa,Leeds,3,3,2022-02-09 20:00:00+00:00
2021-22,Liverpool,Leicester,2,0,2022-02-10 19:45:00+00:00
2021-22,Wolves,Arsenal,0,1,2022-02-10 19:45:00+00:00
2021-22,Man United,Southampton,1,1,2022-02-12 12:30:00+00:00
2021-22,Brentford,Crystal Palace,0,0,2022-02-12 15:00:00+00:00
2021-22,Everton,Leeds,3,0,2022-02-12 15:00:00+00:00
2021-22,Watford,Brighton,0,2,2022-02-12 15:00:00+00:00
2021-22,Norwich,Man City,0,4,2022-02-12 17:30:00+00:00
2021-22,Burnley,Liverpool,0,1,2022-02-13 14:00:00+00:00
2021-22,Newcastle,Aston Villa,1,0,2022-02-13 14:00:00+00:00
2021-22,Tottenham,Wolves,0,2,2022-02-13 14:00:00+00:00
2021-22,Leicester,West Ham,2,2,2022-02-13 16:30:00+00:00
2021-22,Man United,Brighton,2,0,2022-02-15 20:15:00+00:00
2021-22,West Ham,Newcastle,1,1,2022-02-19 12:30:00+00:00
2021-22,Arsenal,Brentford,2,1,2022-02-19 15:00:00+00:00
2021-22,Aston Villa,Watford,0,1,2022-02-19 15:00:00+00:00
2021-22,Brighton,Burnley,0,3,2022-02-19 15:00:00+00:00
2021-22,Crystal Palace,Chelsea,0,1,2022-02-19 15:00:00+00:00
2021-22,Liverpool,Norwich,3,1,2022-02-19 15:00:00+00:00
2021-22,Southampton,Everton,2,0,2022-02-19 15:00:00+00:00
2021-22,Man City,Tottenham,2,3,2022-02-19 17:30:00+00:00
2021-22,Leeds,Man United,2,4,2022-02-20 14:00:00+00:00
2021-22,Wolves,Leicester,2,1,2022-02-20 16:30:00+00:00
2021-22,Burnley,Tottenham,1,0,2022-02-23 19:30:00+00:00
2021-22,Watford,Crystal Palace,1,4,2022-02-23 19:30:00+00:00
2021-22,Liverpool,Leeds,6,0,2022-02-23 19:45:00+00:00
2021-22,Arsenal,Wolves,2,1,2022-02-24 19:45:00+00:00
2021-22,Southampton,Norwich,2,0,2022-02-25 20:00:00+00:00
2021-22,Leeds,Tottenham,0,4,2022-02-26 12:30:00+00:00
2021-22,Brentford,Newcastle,0,2,2022-02-26 15:00:00+00:00
2021-22,Crystal Palace,Burnley,1,1,2022-02-26 15:00:00+00:00
2021-22,Man United,Watford,0,0,2022-02-26 15:00:00+00:00
2021-22,Brighton,Aston Villa,0,2,2022-02-26 15:30:00+00:00
2021-22,Everton,Man City,0,1,2022-02-26 17:30:00+00:00
2021-22,West Ham,Wolves,1,0,2022-02-27 14:00:00+00:00
2021-22,Burnley,Leicester,0,2,2022-03-01 19:45:00+00:00
2021-22,Leicester,Leeds,1,0,2022-03-05 12:30:00+00:00
2021-22,Aston Villa,Southampton,4,0,2022-03-05 15:00:00+00:00
2021-22,Burnley,Chelsea,0,4,2022-03-05 15:00:00+00:00
2021-22,Newcastle,Brighton,2,1,2022-03-05 15:00:00+00:00
2021-22,Norwich,Brentford,1,3,2022-03-05 15:00:00+00:00
2021-22,Wolves,Crystal Palace,0,2,2022-03-05 15:00:00+00:00
2021-22,Liverpool,West Ham,1,0,2022-03-05 17:30:00+00:00
2021-22,Watford,Arsenal,2,3,2022-03-06 14:00:00+00:00
2021-22,Man City,Man United,4,1,2022-03-06 16:30:00+00:00
2021-22,Tottenham,Everton,5,0,2022-03-07 20:00:00+00:00
2021-22,Norwich,Chelsea,1,3,2022-03-10 19:30:00+00:00
2021-22,Southampton,Newcastle,1,2,2022-03-10 19:30:00+00:00
2021-22,Wolves,Watford,4,0,2022-03-10 19:30:00+00:00
2021-22,Leeds,Aston Villa,0,3,2022-03-10 19:45:00+00:00
2021-22,Brighton,Liverpool,0,2,2022-03-12 12:30:00+00:00
2021-22,Brentford,Burnley,2,0,2022-03-12 15:00:00+00:00
2021-22,Man United,Tottenham,3,2,2022-03-12 17:30:00+00:00
2021-22,Chelsea,Newcastle,1,0,2022-03-13 14:00:00+00:00
2021-22,Everton,Wolves,0,1,2022-03-13 14:00:00+00:00
2021-22,Leeds,Norwich,2,1,2022-03-13 14:00:00+00:00
2021-22,Southampton,Watford,1,2,2022-03-13 14:00:00+00:00
2021-22,West Ham,Aston Villa,2,1,2022-03-13 14:00:00+00:00
2021-22,Arsenal,Leicester,2,0,2022-03-13 16:30:00+00:00
2021-22,Crystal Palace,Man City,0,0,2022-03-14 20:00:00+00:00
2021-22,Brighton,Tottenham,0,2,2022-03-16 19:30:00+00:00
2021-22,Arsenal,Liverpool,0,2,2022-03-16 20:15:00+00:00
2021-22,Everton,Newcastle,1,0,2022-03-17 19:45:00+00:00
2021-22,Wolves,Leeds,2,3,2022-03-18 20:00:00+00:00
2021-22,Aston Villa,Arsenal,0,1,2022-03-19 12:30:00+00:00
2021-22,Leicester,Brentford,2,1,2022-03-20 14:00:00+00:00
2021-22,Tottenham,West Ham,3,1,2022-03-20 16:30:00+00:00
2021-22,Liverpool,Watford,2,0,2022-04-02 12:30:00+00:00
2021-22,Brighton,Norwich,0,0,2022-04-02 15:00:00+00:00
2021-22,Burnley,Man City,0,2,2022-04-02 15:00:00+00:00
2021-22,Chelsea,Brentford,1,4,2022-04-02 15:00:00+00:00
2021-22,Leeds,Southampton,1,1,2022-04-02 15:00:00+00:00
2021-22,Wolves,Aston Villa,2,1,2022-04-02 15:00:00+00:00
2021-22,Man United,Leicester,1,1,2022-04-02 17:30:00+00:00
2021-22,West Ham,Everton,2,1,2022-04-03 14:00:00+00:00
2021-22,Tottenham,Newcastle,5,1,2022-04-03 16:30:00+00:00
2021-22,Crystal Palace,Arsenal,3,0,2022-04-04 20:00:00+00:00
2021-22,Burnley,Everton,3,2,2022-04-06 19:30:00+00:00
2021-22,Newcastle,Wolves,1,0,2022-04-08 20:00:00+00:00
2021-22,Everton,Man United,1,0,2022-04-09 12:30:00+00:00
2021-22,Arsenal,Brighton,1,2,2022-04-09 15:00:00+00:00
2021-22,Southampton,Chelsea,0,6,2022-04-09 15:00:00+00:00
2021-22,Watford,Leeds,0,3,2022-04-09 15:00:00+00:00
2021-22,Aston Villa,Tottenham,0,4,2022-04-09 17:30:00+00:00
2021-22,Brentford,West Ham,2,0,2022-04-10 14:00:00+00:00
2021-22,Leicester,Crystal Palace,2,1,2022-04-10 14:00:00+00:00
2021-22,Norwich,Burnley,2,0,2022-04-10 14:00:00+00:00
2021-22,Man City,Liverpool,2,2,2022-04-10 16:30:00+00:00
